pubmed_id,concept_name,count,gene_id,symbol,alias
1401,phenylalanine hydroxylase,4,24616,Pah,None
11906,alpha-glucosidase,1,6476,SI,None
22474,insulin,1,3630,INS,"IDDM,IDDM1,IDDM2,ILPR,IRDN,MODY10,PNDM4"
36611,arylsulfatase a,1,410,ARSA,"ASA,MLD"
36611,ars(a),1,410,ARSA,"ASA,MLD"
36611,ars(b),2,100759794,Arsb,None
36611,mitochondrial aconitase,1,50,ACO2,"ACONM,HEL-S-284,ICRD,OCA8,OPA9"
48211,alpha-1,4,597,BCL2A1,"ACC-1,ACC-2,ACC1,ACC2,BCL2L5,BFL1,GRS,HBPA1"
48211,alpha-2,4,170589,GPHA2,"A2,GPA2,ZSIG51"
48766,antithrombin,1,462,SERPINC1,"AT3,AT3D,ATIII,ATIII-R2,ATIII-T1,ATIII-T2,THPH7"
52952,iga,1,973,CD79A,"IGA,IGAlpha,MB-1,MB1"
58261,alpha-1-antitrypsin,1,5265,SERPINA1,"A1A,A1AT,AAT,PI,PI1,PRO2275,alpha1AT,nNIF"
58261,alpha1-antitrypsin,2,5265,SERPINA1,"A1A,A1AT,AAT,PI,PI1,PRO2275,alpha1AT,nNIF"
62026,acid beta-galactosidase,1,2720,GLB1,"EBP,ELNR1,MPS4B"
65455,albumin,3,213,ALB,"FDAHT,HSA,PRO0883,PRO0903,PRO1341"
71842,alpha-2-macroglobulin,4,2,A2M,"A2MD,CPAMD5,FWP007,S863-7"
71842,transferrin,2,7018,TF,"HEL-S-71p,PRO1557,PRO2086,TFQTL1"
71842,alpha-2,2,170589,GPHA2,"A2,GPA2,ZSIG51"
71842,haptoglobin,2,3240,HP,"BP,HP2ALPHA2,HPA1S"
77056,hla-a,1,3105,HLA-A,"H,L,A,A"
83481,nerve-growth-factor,1,4803,NGF,"Beta-NGF,HSAN5,NGFB"
83481,nerve-growth factor,1,4803,NGF,"Beta-NGF,HSAN5,NGFB"
83795,beta-galactosidase,4,2720,GLB1,"EBP,ELNR1,MPS4B"
93993,thyroglobulin,1,7038,TG,"AITD3,TGN"
95586,thyroglobulin,1,7038,TG,"AITD3,TGN"
98248,beta-galactosidase,1,2720,GLB1,"EBP,ELNR1,MPS4B"
99746,ga2,6,2108,ETFA,"EMA,GA2,MADD"
103558,saa,8,6287,None,None
114636,complement c3,4,718,C3,"AHUS5,ARMD9,ASP,C3a,C3b,CPAMD1,HEL-S-62p"
119408,erythropoietin,3,2056,EPO,"DBAL,ECYT5,EP,MVCD2"
168054,androgen receptor,3,11835,Ar,"T,f,m"
172903,tfm,2,11835,Ar,"T,f,m"
172998,alpha- and beta-glucosidase,1,69983,Sis,"2010204N08Rik,SI,Si-s"
172998,alpha- and beta-galactosidase,1,12091,Glb1,"Bge,Bgl,Bgl-e,Bgl-s,Bgl-t,Bgs,Bgt,C130097A14Rik"
172998,beta mannosidase,1,110173,Manba,"2410030O07Rik,B930014J03Rik,Bmn"
173184,galactokinase,4,2584,GALK1,"GALK,GK1,HEL-S-19"
173184,galactose-1-phosphate uridylyltransferase,2,2592,GALT,None
173184,galk,14,2584,GALK1,"GALK,GK1,HEL-S-19"
173184,galactose-1-phosphate uridylyl-transferase,2,2592,GALT,None
173184,galt,8,2592,GALT,None
173185,galactokinase,3,2584,GALK1,"GALK,GK1,HEL-S-19"
173185,galk,15,2584,GALK1,"GALK,GK1,HEL-S-19"
173185,galactose-1-phosphate uridylyltransferase,3,2592,GALT,None
173185,galt,9,2592,GALT,None
174379,beta-galactosidase,2,2720,GLB1,"EBP,ELNR1,MPS4B"
177236,serum albumin,1,443393,ALB,None
181398,thyroglobulin,4,7038,TG,"AITD3,TGN"
182362,insulin,1,100379579,Ins,None
182362,proinsulin,1,16334,Ins2,"Ins-2,InsII,Mody,Mody4"
188519,nerve growth factor,4,101104540,NGF,None
188519,ngf,4,18049,Ngf,"Ngfb,beta-NGF"
192899,glucose-6-phosphatase,4,25634,G6pc1,"G6Pase,G6pc,Psme3"
192899,g-6-pase,6,25634,G6pc1,"G6Pase,G6pc,Psme3"
194478,galactokinase,2,2584,GALK1,"GALK,GK1,HEL-S-19"
194478,galk,6,2584,GALK1,"GALK,GK1,HEL-S-19"
194654,tfm,1,11835,Ar,"T,f,m"
204112,galactokinase,1,2584,GALK1,"GALK,GK1,HEL-S-19"
204112,galactose-1-phosphate uridyltransferase,1,2592,GALT,None
204112,gal-1,1,3956,LGALS1,"GAL1,GBP"
204112,gal-1-put,1,2592,GALT,None
205362,pyruvate carboxylase,3,5091,PC,"P,C,B"
205362,pc,12,5091,PC,"P,C,B"
205362,phosphoenolpyruvate carboxykinase,3,5106,PCK2,"PEPCK,PEPCK-M,PEPCK2"
205362,pepck,12,5106,PCK2,"PEPCK,PEPCK-M,PEPCK2"
205362,glucose-6-phosphatase,3,2538,G6PC1,"G6PC,G6PT,G6Pase,GSD1,GSD1a"
205362,g6pase,12,2538,G6PC1,"G6PC,G6PT,G6Pase,GSD1,GSD1a"
230195,hex,4,3087,HHEX,"HEX,HMPH,HOX11L-PEN,PRH,PRHX"
234498,thyroglobulin,16,100857838,TG,None
240271,beta hexosaminidase,6,10724,OGA,"MEA5,MGEA5,NCOAT"
240271,hex a,14,3073,HEXA,"T,S,D"
240271,hex b,4,3074,HEXB,"ENC-1AS,HEL-248,HEL-S-111"
265697,ck,2,51727,CMPK1,"CK,CMK,CMPK,UMK,UMP-CMPK,UMPK"
299239,delta-aminolevulinic acid dehydratase,2,210,ALAD,"ALADH,PBGS"
299239,d-ala-d,4,210,ALAD,"ALADH,PBGS"
299239,porphobilinogen deaminase,2,3145,HMBS,"PBG-D,PBGD,PORC,UPS"
299239,pbg-d,4,3145,HMBS,"PBG-D,PBGD,PORC,UPS"
299239,ferrochelatase,2,2235,FECH,"EPP,EPP1,FCE"
299239,fch,4,2235,FECH,"EPP,EPP1,FCE"
306159,thyroglobulin,3,21819,Tg,"Tgn,cog"
307474,thyroglobulin,2,7038,TG,"AITD3,TGN"
313695,c1 esterase,1,716,C1S,"E,D,S,P,D,2"
314560,alpha-1-antitrypsin,4,5265,SERPINA1,"A1A,A1AT,AAT,PI,PI1,PRO2275,alpha1AT,nNIF"
316371,thyroglobulin,1,7038,TG,"AITD3,TGN"
316435,viiivwf,2,1351,COX8A,"COX,COX8,COX8-2,COX8L,MC4DN15,VIII,VIII-L"
316435,fab,1,2187,FANCB,"FA2,FAAP90,FAAP95,FAB,FACB"
323439,insulin,3,3630,INS,"IDDM,IDDM1,IDDM2,ILPR,IRDN,MODY10,PNDM4"
323439,glucagon,3,2641,GCG,"GLP-1,GLP1,GLP2,GRPP"
334183,"c3, c4, factor b",1,718,C3,"AHUS5,ARMD9,ASP,C3a,C3b,CPAMD1,HEL-S-62p"
344076,thyroglobulin,2,100857838,TG,None
353918,insulin,1,3630,INS,"IDDM,IDDM1,IDDM2,ILPR,IRDN,MODY10,PNDM4"
384139,thyroglobulin,1,7038,TG,"AITD3,TGN"
401730,thyroglobulin,18,7038,TG,"AITD3,TGN"
401730,migration inhibition factor,4,4282,MIF,"GIF,GLIF,MMIF"
401730,mif,8,4282,MIF,"GIF,GLIF,MMIF"
408143,cnf,2,4868,NPHS1,"CNF,NPHN,nephrin"
414916,c3a,2,718,C3,"AHUS5,ARMD9,ASP,C3a,C3b,CPAMD1,HEL-S-62p"
435403,antithrombin iii,2,462,SERPINC1,"AT3,AT3D,ATIII,ATIII-R2,ATIII-T1,ATIII-T2,THPH7"
435403,at iii,7,462,SERPINC1,"AT3,AT3D,ATIII,ATIII-R2,ATIII-T1,ATIII-T2,THPH7"
446310,thyroglobulin,1,7038,TG,"AITD3,TGN"
471190,acid phosphatase,2,351,APP,"AAA,ABETA,ABPP,AD1,APPI,CTFgamma,CVAP,PN-II,PN2,alpha-sAPP,preA4"
480486,hla-a,3,3105,HLA-A,"H,L,A,A"
480486,hla-b,3,3106,HLA-B,"AS,B-4901,HLAB"
481442,catalase,4,847,CAT,None
481442,sod,2,6647,SOD1,"ALS,ALS1,HEL-S-44,IPOA,SOD,STAHP,hSod1,homodimer"
484541,ferrochelatase,3,2235,FECH,"EPP,EPP1,FCE"
489556,phenylalanine hydroxylase,6,5053,PAH,"PH,PKU,PKU1"
489556,albumin,1,213,ALB,"FDAHT,HSA,PRO0883,PRO0903,PRO1341"
545716,sta,6,2656,GCY,"STA,TS,TSY"
545716,serum albumin,3,213,ALB,"FDAHT,HSA,PRO0883,PRO0903,PRO1341"
545716,hex a-),3,3073,HEXA,"T,S,D"
545716,hex a,6,3073,HEXA,"T,S,D"
564103,thyroglobulin,2,100857838,TG,None
573131,coagulation factor x,2,2159,F10,"FX,FXA"
573131,thrombin,2,2147,F2,"PT,RPRGL2,THPH1"
576614,thyroglobulin,9,7038,TG,"AITD3,TGN"
576614,serum albumin,2,213,ALB,"FDAHT,HSA,PRO0883,PRO0903,PRO1341"
577211,thyroglobulin,4,7038,TG,"AITD3,TGN"
577211,tg,26,7038,TG,"AITD3,TGN"
578072,antithrombin,1,462,SERPINC1,"AT3,AT3D,ATIII,ATIII-R2,ATIII-T1,ATIII-T2,THPH7"
580305,thyroglobulin,4,7038,TG,"AITD3,TGN"
580305,tg,22,7038,TG,"AITD3,TGN"
580417,thyroglobulin,14,7038,TG,"AITD3,TGN"
583090,thyroglobulin,4,24826,Tg,"T,g,n"
583403,thyroglobulin,4,7038,TG,"AITD3,TGN"
583403,tg,12,7038,TG,"AITD3,TGN"
616039,cnf,1,4868,NPHS1,"CNF,NPHN,nephrin"
620450,cnf,5,4868,NPHS1,"CNF,NPHN,nephrin"
639065,a-10,1,394432,Ugt1a7c,"A10',A13,UGT1A7,Ugt1a10"
650257,lcat,1,3931,LCAT,None
651380,iga,1,973,CD79A,"IGA,IGAlpha,MB-1,MB1"
675210,c3-proactivator,1,629,CFB,"AHUS4,ARMD14,BF,BFD,CFAB,CFBD,FB,FBI12,GBG,H2-Bf,PBF2"
677553,hla-a,4,3105,HLA-A,"H,L,A,A"
677553,hla-b,4,3106,HLA-B,"AS,B-4901,HLAB"
682610,thyroglobulin,1,7038,TG,"AITD3,TGN"
699062,thyroglobulin,1,100721233,Tg,None
739270,insulin,3,3630,INS,"IDDM,IDDM1,IDDM2,ILPR,IRDN,MODY10,PNDM4"
804170,beta-galactosidase,5,2720,GLB1,"EBP,ELNR1,MPS4B"
804170,neuraminidase,1,4758,NEU1,"NANH,NEU,SIAL1"
808963,hex a,21,3073,HEXA,"T,S,D"
808963,hex b,14,3074,HEXB,"ENC-1AS,HEL-248,HEL-S-111"
826588,slp,11,100418288,Skiv2l-ps1,"Ski2w2,slp"
842341,insulin,7,3630,INS,"IDDM,IDDM1,IDDM2,ILPR,IRDN,MODY10,PNDM4"
842341,glucagon,8,2641,GCG,"GLP-1,GLP1,GLP2,GRPP"
919557,"alpha 1, alpha 2",2,597,BCL2A1,"ACC-1,ACC-2,ACC1,ACC2,BCL2L5,BFL1,GRS,HBPA1"
926106,antithrombin,2,462,SERPINC1,"AT3,AT3D,ATIII,ATIII-R2,ATIII-T1,ATIII-T2,THPH7"
926106,iga,1,973,CD79A,"IGA,IGAlpha,MB-1,MB1"
939201,tfm,6,11835,Ar,"T,f,m"
970989,c1q,1,712,C1QA,"C,1,Q,D,1"
972144,alpha1 leads to 2) gal (beta1 leads to 4) glcnac(beta1,1,51083,GAL,"ETL8,GAL-GMAP,GALN,GLNN,GMAP"
972144,beta1,1,597,BCL2A1,"ACC-1,ACC-2,ACC1,ACC2,BCL2L5,BFL1,GRS,HBPA1"
976312,gla,4,2717,GLA,"G,A,L,A"
976312,mlc,2,23209,MLC1,"LVM,MLC,VL"
1008062,complement c3,9,718,C3,"AHUS5,ARMD9,ASP,C3a,C3b,CPAMD1,HEL-S-62p"
1008483,uroporphyrinogen i synthetase,4,3145,HMBS,"PBG-D,PBGD,PORC,UPS"
1008483,uro-s,12,3145,HMBS,"PBG-D,PBGD,PORC,UPS"
1036092,acetylcholinesterase,3,11423,Ache,None
1036092,nerve growth factor,2,18049,Ngf,"Ngfb,beta-NGF"
1036092,ngf,4,4803,NGF,"Beta-NGF,HSAN5,NGFB"
1036092,ache,2,43,ACHE,"ACEE,ARACHE,N-ACHE,YT"
1036742,thyroglobulin,1,7038,TG,"AITD3,TGN"
1058495,methylmalonyl-coa mutase,1,4594,MMUT,"MCM,MUT"
1058495,cbl,1,867,CBL,"C-CBL,CBL2,FRA11B,NSLL,RNF55"
1058495,cbl b,1,868,CBLB,"ADMIO3,Cbl-b,Nbla00127,RNF56"
1058495,cbl c,1,23624,CBLC,"CBL-3,CBL-SL,RNF57"
1059104,methylmalonyl-coa mutase,2,4594,MMUT,"MCM,MUT"
1059104,cbl,10,867,CBL,"C-CBL,CBL2,FRA11B,NSLL,RNF55"
1059104,cbl b,4,868,CBLB,"ADMIO3,Cbl-b,Nbla00127,RNF56"
1059104,cbl c,2,23624,CBLC,"CBL-3,CBL-SL,RNF57"
1059104,cbl a,2,166785,MMAA,"c,b,l,A"
1105371,growth hormone,12,2688,GH1,"GH,GH-N,GHB5,GHN,IGHD1A,IGHD1B,IGHD2,hGH-N"
1105371,insulin,12,3630,INS,"IDDM,IDDM1,IDDM2,ILPR,IRDN,MODY10,PNDM4"
1105371,glucagon,12,2641,GCG,"GLP-1,GLP1,GLP2,GRPP"
1105371,gh,24,2688,GH1,"GH,GH-N,GHB5,GHN,IGHD1A,IGHD1B,IGHD2,hGH-N"
1110865,insulin,24,3630,INS,"IDDM,IDDM1,IDDM2,ILPR,IRDN,MODY10,PNDM4"
1116148,nerve growth factor,1,18049,Ngf,"Ngfb,beta-NGF"
1122632,cystathionine beta-synthase,1,875,CBS,"CBSL,HIP4"
1136541,retinol-binding protein,4,5950,RBP4,"MCOPCB10,RDCCAS"
1136541,rbp,8,5950,RBP4,"MCOPCB10,RDCCAS"
1144451,insulin,8,3630,INS,"IDDM,IDDM1,IDDM2,ILPR,IRDN,MODY10,PNDM4"
1147652,insulin,5,3630,INS,"IDDM,IDDM1,IDDM2,ILPR,IRDN,MODY10,PNDM4"
1165472,uroporphyrinogen i synthetase,1,3145,HMBS,"PBG-D,PBGD,PORC,UPS"
1165472,uro-s,7,3145,HMBS,"PBG-D,PBGD,PORC,UPS"
1201740,thyroglobulin,10,7038,TG,"AITD3,TGN"
1202173,antithrombin iii,1,462,SERPINC1,"AT3,AT3D,ATIII,ATIII-R2,ATIII-T1,ATIII-T2,THPH7"
1211127,somatotropin,4,403795,GH1,"GH,GHB1"
1222826,hemopexin,1,3263,HPX,"H,X"
1222826,haptoglobin,1,3240,HP,"BP,HP2ALPHA2,HPA1S"
1222826,ceruloplasmin,1,1356,CP,"AB073614,CP-2"
1222826,transferrin,1,7018,TF,"HEL-S-71p,PRO1557,PRO2086,TFQTL1"
1245093,uroporphyrinogen-1-synthetase,1,7390,UROS,"U,R,O,I,I,I,S"
1245093,uro-s,2,7390,UROS,"U,R,O,I,I,I,S"
1245093,cytochrome p-450,1,4051,CYP4F3,"CPF3,CYP4F,CYPIVF3,LTB4H"
1248804,tfm,6,11835,Ar,"T,f,m"
1279436,cftr,4,1080,CFTR,"ABC35,ABCC7,CF,CFTR/MRP,MRP7,TNR-CFTR,dJ760C5.1"
1279436,cystic fibrosis transmembrane conductance regulator,1,1080,CFTR,"ABC35,ABCC7,CF,CFTR/MRP,MRP7,TNR-CFTR,dJ760C5.1"
1279437,cystic fibrosis transmembrane conductance regulator,2,1080,CFTR,"ABC35,ABCC7,CF,CFTR/MRP,MRP7,TNR-CFTR,dJ760C5.1"
1279437,cftr,1,1080,CFTR,"ABC35,ABCC7,CF,CFTR/MRP,MRP7,TNR-CFTR,dJ760C5.1"
1279646,psa,9,5324,PLAG1,"PSA,SGPA,SRS4,ZNF912"
1279646,cathepsin-d,15,1509,CTSD,"CLN10,CPSD,HEL-S-130P"
1279646,ps2,15,338412,TAS2R64P,"PS2,T2R64,T2R64P"
1279646,cap = 1,3,10487,CAP1,"CAP,CAP1-PEN"
1279809,cftr,7,100381094,cftr.L,"abc35,abcc7,cftr,cftr-A,cftr-b,cftr/mrp,mrp7,tnr-cftr,xcftr"
1281035,cftr,4,1080,CFTR,"ABC35,ABCC7,CF,CFTR/MRP,MRP7,TNR-CFTR,dJ760C5.1"
1281122,g-csf,7,1440,CSF3,"C17orf33,CSF3OS,GCSF"
1281122,interleukin-2,2,3558,IL2,"IL-2,TCGF,lymphokine"
1281692,interleukin-4,1,16189,Il4,"BSF-1,Il-4"
1281692,il-4,5,3565,IL4,"BCGF-1,BCGF1,BSF-1,BSF1,IL-4"
1281692,ltk,1,17005,Ltk,None
1281692,cdw32,1,2213,FCGR2B,"CD32,CD32B,FCG2,FCGR2,FCGR2C,FcGRIIB,FcRII-c,FcgammaRIIb,IGFR2"
1281692,il-2,2,3558,IL2,"IL-2,TCGF,lymphokine"
1281692,il-1 alpha,1,3552,IL1A,"IL-1 alpha,IL-1A,IL1,IL1-ALPHA,IL1F1"
1281692,il-6,1,3569,IL6,"BSF-2,BSF2,CDF,HGF,HSF,IFN-beta-2,IFNB2,IL-6"
1281692,transforming growth factor beta,1,7124,TNF,"DIF,TNF-alpha,TNFA,TNFSF2,TNLG1F"
1281711,gfap,1,2670,GFAP,"A,L,X,D,R,D"
1281711,ck bb,1,1152,CKB,"B-CK,BCK,CKBB,CPK-B,HEL-211,HEL-S-29"
1282007,cd4,4,920,CD4,"CD4mut,IMD79,Leu-3,OKT4D,T4"
1282007,l-selectin,2,6402,SELL,"CD62L,LAM1,LECAM1,LEU8,LNHR,LSEL,LYAM1,PLNHR,TQ1"
1282007,vla-1,1,3672,ITGA1,"CD49a,VLA1"
1282016,cftr,1,1080,CFTR,"ABC35,ABCC7,CF,CFTR/MRP,MRP7,TNR-CFTR,dJ760C5.1"
1282296,cftr,20,1080,CFTR,"ABC35,ABCC7,CF,CFTR/MRP,MRP7,TNR-CFTR,dJ760C5.1"
1282296,cystic fibrosis transmembrane conductance regulator,2,1080,CFTR,"ABC35,ABCC7,CF,CFTR/MRP,MRP7,TNR-CFTR,dJ760C5.1"
1282304,cftr,11,1080,CFTR,"ABC35,ABCC7,CF,CFTR/MRP,MRP7,TNR-CFTR,dJ760C5.1"
1282304,tau,1,4137,MAPT,"DDPAC,FTDP-17,MAPTL,MSTD,MTBT1,MTBT2,PPND,PPP1R103,TAU,Tau-PHF6,tau-40"
1283148,cftr,6,1080,CFTR,"ABC35,ABCC7,CF,CFTR/MRP,MRP7,TNR-CFTR,dJ760C5.1"
1283148,cystic fibrosis transmembrane conductance regulator,2,1080,CFTR,"ABC35,ABCC7,CF,CFTR/MRP,MRP7,TNR-CFTR,dJ760C5.1"
1283149,cftr,8,1080,CFTR,"ABC35,ABCC7,CF,CFTR/MRP,MRP7,TNR-CFTR,dJ760C5.1"
1283149,cystic fibrosis transmembrane conductance regulator,2,1080,CFTR,"ABC35,ABCC7,CF,CFTR/MRP,MRP7,TNR-CFTR,dJ760C5.1"
1283151,cftr,1,1080,CFTR,"ABC35,ABCC7,CF,CFTR/MRP,MRP7,TNR-CFTR,dJ760C5.1"
1283151,cystic fibrosis transmembrane conductance regulator,1,1080,CFTR,"ABC35,ABCC7,CF,CFTR/MRP,MRP7,TNR-CFTR,dJ760C5.1"
1283174,thyroglobulin,6,7038,TG,"AITD3,TGN"
1283476,growth hormone-releasing hormone,1,2691,GHRH,"GHRF,GRF,INN"
1283476,growth hormone,2,2688,GH1,"GH,GH-N,GHB5,GHN,IGHD1A,IGHD1B,IGHD2,hGH-N"
1283476,ghrh,5,2691,GHRH,"GHRF,GRF,INN"
1284333,tpo,4,7173,TPO,"MSA,TDH2A,TPX"
1284333,thyroglobulin,2,7038,TG,"AITD3,TGN"
1284333,tsh receptor,6,7253,TSHR,"CHNG1,LGR3,hTSHR-I"
1284477,cftr,1,1080,CFTR,"ABC35,ABCC7,CF,CFTR/MRP,MRP7,TNR-CFTR,dJ760C5.1"
1284534,cystic fibrosis transmembrane conductance regulator,1,1080,CFTR,"ABC35,ABCC7,CF,CFTR/MRP,MRP7,TNR-CFTR,dJ760C5.1"
1284534,cftr,2,1080,CFTR,"ABC35,ABCC7,CF,CFTR/MRP,MRP7,TNR-CFTR,dJ760C5.1"
1284535,cystic fibrosis transmembrane conductance regulator,4,1080,CFTR,"ABC35,ABCC7,CF,CFTR/MRP,MRP7,TNR-CFTR,dJ760C5.1"
1284535,cftr,6,1080,CFTR,"ABC35,ABCC7,CF,CFTR/MRP,MRP7,TNR-CFTR,dJ760C5.1"
1284539,cftr,2,1080,CFTR,"ABC35,ABCC7,CF,CFTR/MRP,MRP7,TNR-CFTR,dJ760C5.1"
1284539,cf transmembrane conductance regulator,1,1080,CFTR,"ABC35,ABCC7,CF,CFTR/MRP,MRP7,TNR-CFTR,dJ760C5.1"
1284540,cystic fibrosis transmembrane conductance regulator,2,1080,CFTR,"ABC35,ABCC7,CF,CFTR/MRP,MRP7,TNR-CFTR,dJ760C5.1"
1284540,cftr,5,1080,CFTR,"ABC35,ABCC7,CF,CFTR/MRP,MRP7,TNR-CFTR,dJ760C5.1"
1284548,cftr,10,1080,CFTR,"ABC35,ABCC7,CF,CFTR/MRP,MRP7,TNR-CFTR,dJ760C5.1"
1284548,cystic fibrosis (cf) transmembrane conductance regulator,2,1080,CFTR,"ABC35,ABCC7,CF,CFTR/MRP,MRP7,TNR-CFTR,dJ760C5.1"
1285328,p53,20,7157,TP53,"BCC7,BMFS5,LFS1,P53,TRP53"
1285360,gastrin-releasing peptide,1,2922,GRP,"BN,GRP-10,preproGRP,proGRP"
1285360,grp,2,2922,GRP,"BN,GRP-10,preproGRP,proGRP"
1285360,vasopressin,1,551,AVP,"ADH,ARVP,AVP-NPII,AVRP,VP"
1285360,avp,3,551,AVP,"ADH,ARVP,AVP-NPII,AVRP,VP"
1285360,neuropeptide y,1,4852,NPY,"P,Y,Y,4"
1285360,npy,2,4852,NPY,"P,Y,Y,4"
1285360,corticotropin releasing hormone,1,1392,CRH,"CRF,CRH1"
1285360,crh,2,1392,CRH,"CRF,CRH1"
1285360,acth,2,5443,POMC,"ACTH,CLIP,LPH,MSH,NPP,OBAIRH,POC"
1285360,insulin,1,3630,INS,"IDDM,IDDM1,IDDM2,ILPR,IRDN,MODY10,PNDM4"
1285365,cftr,5,1080,CFTR,"ABC35,ABCC7,CF,CFTR/MRP,MRP7,TNR-CFTR,dJ760C5.1"
1285365,cystic fibrosis transmembrane conductance regular,1,1080,CFTR,"ABC35,ABCC7,CF,CFTR/MRP,MRP7,TNR-CFTR,dJ760C5.1"
1286796,cftr,1,1080,CFTR,"ABC35,ABCC7,CF,CFTR/MRP,MRP7,TNR-CFTR,dJ760C5.1"
1286796,ttr,5,7276,TTR,"ATTR,CTS,CTS1,HEL111,HsT2651,PALB,TBPA,TTN"
1292640,il-1 beta,4,3552,IL1A,"IL-1 alpha,IL-1A,IL1,IL1-ALPHA,IL1F1"
1292640,tnf-alpha,4,7124,TNF,"DIF,TNF-alpha,TNFA,TNFSF2,TNLG1F"
1292640,il-6,4,3569,IL6,"BSF-2,BSF2,CDF,HGF,HSF,IFN-beta-2,IFNB2,IL-6"
1292640,il-2,2,3558,IL2,"IL-2,TCGF,lymphokine"
1292640,ifn-gamma,2,3458,IFNG,"IFG,IFI,IMD69"
1292640,gm-csf,1,1437,CSF2,"CSF,GMCSF"
1292640,cd4,1,920,CD4,"CD4mut,IMD79,Leu-3,OKT4D,T4"
1292640,fibrinogen,1,2244,FGB,"H,E,L,-,S,-,7,8,p"
1295480,p53,14,7157,TP53,"BCC7,BMFS5,LFS1,P53,TRP53"
1295480,estrogen receptor,2,2099,ESR1,"ER,ESR,ESRA,ESTRR,Era,NR3A1"
1296800,tumor necrosis factor alpha,2,7124,TNF,"DIF,TNF-alpha,TNFA,TNFSF2,TNLG1F"
1296800,tnf-alpha,3,7124,TNF,"DIF,TNF-alpha,TNFA,TNFSF2,TNLG1F"
1296800,interleukin-1 beta,1,3553,IL1B,"IL-1,IL1-BETA,IL1F2,IL1beta"
1296800,il-1 beta,2,3552,IL1A,"IL-1 alpha,IL-1A,IL1,IL1-ALPHA,IL1F1"
1301949,n-acetylgalactosamine-4-sulfatase,1,411,ARSB,"ASB,G4S,MPS6"
1302030,pax6,3,5080,PAX6,"AN,AN1,AN2,ASGD5,D11S812E,FVH1,MGDA,WAGR"
1302030,pax-6,6,18508,Pax6,"1500038E17Rik,AEY11,Dey,Gsfaey11,Pax-6,Sey"
1302038,cftr,2,1080,CFTR,"ABC35,ABCC7,CF,CFTR/MRP,MRP7,TNR-CFTR,dJ760C5.1"
1302561,p53,6,7157,TP53,"BCC7,BMFS5,LFS1,P53,TRP53"
1303194,tcof1,4,6949,TCOF1,"MFD1,TCS,TCS1,treacle"
1304740,interleukin-1 alpha,2,3552,IL1A,"IL-1 alpha,IL-1A,IL1,IL1-ALPHA,IL1F1"
1304740,il-1 alpha,2,3552,IL1A,"IL-1 alpha,IL-1A,IL1,IL1-ALPHA,IL1F1"
1304740,il-1 beta,6,3552,IL1A,"IL-1 alpha,IL-1A,IL1,IL1-ALPHA,IL1F1"
1304740,il-6,12,3569,IL6,"BSF-2,BSF2,CDF,HGF,HSF,IFN-beta-2,IFNB2,IL-6"
1304740,tnf-alpha,6,7124,TNF,"DIF,TNF-alpha,TNFA,TNFSF2,TNLG1F"
1304740,ifn-alpha,6,3439,IFNA1,"IFL,IFN,IFN-ALPHA,IFN-alphaD,IFNA13,IFNA@,leIF D"
1304740,ifn-gamma,2,3458,IFNG,"IFG,IFI,IMD69"
1304740,il-2-receptor,2,3560,IL2RB,"CD122,IL15RB,IMD63,P70-75"
1304740,il-1,8,3552,IL1A,"IL-1 alpha,IL-1A,IL1,IL1-ALPHA,IL1F1"
1304740,ifn-y,2,3458,IFNG,"IFG,IFI,IMD69"
1304832,c-myc,1,4609,MYC,"MRTL,MYCC,bHLHe39,c-Myc"
1304832,c-erbb-2,1,2064,ERBB2,"CD340,HER-2,HER-2/neu,HER2,MLN 19,MLN-19,NEU,NGL,TKR1,VSCN2,c-ERB-2,c-ERB2,p185(erbB2)"
1304832,neu,1,2064,ERBB2,"CD340,HER-2,HER-2/neu,HER2,MLN 19,MLN-19,NEU,NGL,TKR1,VSCN2,c-ERB-2,c-ERB2,p185(erbB2)"
1304832,p53,1,7157,TP53,"BCC7,BMFS5,LFS1,P53,TRP53"
1307250,androgen receptor,4,367,AR,"AIS,AR8,DHTR,HUMARA,HYSP1,KD,NR3C4,SBMA,SMAX1,TFM"
1307748,insulin,5,3630,INS,"IDDM,IDDM1,IDDM2,ILPR,IRDN,MODY10,PNDM4"
1308055,cftr,3,1080,CFTR,"ABC35,ABCC7,CF,CFTR/MRP,MRP7,TNR-CFTR,dJ760C5.1"
1308055,cystic fibrosis transmembrane conductance regulator,1,1080,CFTR,"ABC35,ABCC7,CF,CFTR/MRP,MRP7,TNR-CFTR,dJ760C5.1"
1310070,p53,20,7157,TP53,"BCC7,BMFS5,LFS1,P53,TRP53"
1310251,p53,5,7157,TP53,"BCC7,BMFS5,LFS1,P53,TRP53"
1310798,insulin-like growth factor-ii,1,3481,IGF2,"C11orf43,GRDF,IGF-II,PP9974,SRS3"
1310798,igf-ii,9,3481,IGF2,"C11orf43,GRDF,IGF-II,PP9974,SRS3"
1310798,igf-i,1,3479,IGF1,"IGF,IGF-I,IGFI,MGF"
1311061,p53,48,7157,TP53,"BCC7,BMFS5,LFS1,P53,TRP53"
1312561,cav,6,858,CAV2,"C,A,V"
1312569,insulin-like growth factor i,2,3479,IGF1,"IGF,IGF-I,IGFI,MGF"
1312643,int-3,6,18132,Notch4,"Int-3,Int3,N4"
1312643,cdc-10,3,850358,CDC10,None
1312696,p53,7,7157,TP53,"BCC7,BMFS5,LFS1,P53,TRP53"
1312700,p53,10,7157,TP53,"BCC7,BMFS5,LFS1,P53,TRP53"
1312896,p53,54,7157,TP53,"BCC7,BMFS5,LFS1,P53,TRP53"
1314136,bombesin,2,2922,GRP,"BN,GRP-10,preproGRP,proGRP"
1314136,gastrin-releasing peptide,1,2922,GRP,"BN,GRP-10,preproGRP,proGRP"
1314136,bradykinin,1,3827,KNG1,"BDK,BK,HAE6,HK,HMWK,KNG"
1314136,cholecystokinin,1,885,CCK,None
1314136,neurotensin,1,4922,NTS,"NMN-125,NN,NT,NT/N,NTS1"
1314136,vasopressin,1,551,AVP,"ADH,ARVP,AVP-NPII,AVRP,VP"
1314165,p53,10,7157,TP53,"BCC7,BMFS5,LFS1,P53,TRP53"
1314165,gal4,1,3960,LGALS4,"GAL4,L36LBP"
1314761,calmodulin,39,801,CALM1,"CALML2,CAM2,CAM3,CAMB,CAMC,CAMI,CAMIII,CPVT4,DD132,LQT14,PHKD,PHKD1,caM"
1315406,retinoic acid receptor alpha,2,24705,Rara,None
1315406,retinoic acid receptor beta,6,24706,Rarb,None
1316273,cln3,10,851191,CLN3,"DAF1,FUN10,WHI1"
1316273,cdc28,5,852457,CDC28,"CDK1,HSL5,SRM5"
1316273,cln1,1,855239,CLN1,None
1316273,cln2,1,855819,CLN2,None
1316273,cdc34,1,851624,CDC34,"DNA6,UBC3"
1317471,pick,1,9463,PICK1,"PICK,PRKCABP"
1317471,ncf-1,2,653361,NCF1,"CGD1,NCF1A,NOXO2,SH3PXD1A,p47phox"
1317471,ncf-47k,4,653361,NCF1,"CGD1,NCF1A,NOXO2,SH3PXD1A,p47phox"
1317471,gp91-phox,1,1536,CYBB,"AMCBX2,CGD,CGDX,GP91-1,GP91-PHOX,GP91PHOX,IMD34,NOX2,p91-PHOX"
1317471,p22-phox,1,1535,CYBA,"CGD4,p22-PHOX"
1317471,p47-phox,1,653361,NCF1,"CGD1,NCF1A,NOXO2,SH3PXD1A,p47phox"
1318786,ssl2,7,854663,SSL2,"LOM3,RAD25"
1318786,his4,5,850327,HIS4,None
1318786,ercc-3,5,2071,ERCC3,"BTF2,GTF2H,RAD25,Ssl2,TFIIH,TTD2,XPB"
1318786,ssl1,1,850691,SSL1,None
1321346,ocrl,7,4952,OCRL,"DENT2,Dent-2,INPP5F,LOCR,NPHL2,OCRL-1,OCRL1"
1322048,cystic fibrosis transmembrane conductance regulator,1,1080,CFTR,"ABC35,ABCC7,CF,CFTR/MRP,MRP7,TNR-CFTR,dJ760C5.1"
1322048,cftr,2,1080,CFTR,"ABC35,ABCC7,CF,CFTR/MRP,MRP7,TNR-CFTR,dJ760C5.1"
1322237,p53,76,7157,TP53,"BCC7,BMFS5,LFS1,P53,TRP53"
1323096,estrogen/progesterone receptors,1,2069,EREG,"EPR,ER,Ep"
1323096,er,3,2069,EREG,"EPR,ER,Ep"
1323096,pgr,3,5241,PGR,"NR3C3,PR"
1323096,p53,3,7157,TP53,"BCC7,BMFS5,LFS1,P53,TRP53"
1323096,c-erbb-2,3,2064,ERBB2,"CD340,HER-2,HER-2/neu,HER2,MLN 19,MLN-19,NEU,NGL,TKR1,VSCN2,c-ERB-2,c-ERB2,p185(erbB2)"
1324601,dr3,3,8718,TNFRSF25,"APO-3,DDR3,DR3,GEF720,LARD,PLEKHG5,TNFRSF12,TR3,TRAMP,WSL-1,WSL-LRgene_id"
1324796,p53,8,7157,TP53,"BCC7,BMFS5,LFS1,P53,TRP53"
1325950,progesterone receptor,1,5241,PGR,"NR3C3,PR"
1325950,pgr,4,5241,PGR,"NR3C3,PR"
1325950,egf-r,3,1956,EGFR,"ERBB,ERBB1,ERRP,HER1,NISBD2,PIG61,mENA"
1325950,insulin-like growth-factor-i receptors,1,3480,IGF1R,"CD221,IGFIR,IGFR,JTK13"
1325950,igf-i-r,7,3480,IGF1R,"CD221,IGFIR,IGFR,JTK13"
1325950,igf-i,1,3479,IGF1,"IGF,IGF-I,IGFI,MGF"
1325950,her2,2,2064,ERBB2,"CD340,HER-2,HER-2/neu,HER2,MLN 19,MLN-19,NEU,NGL,TKR1,VSCN2,c-ERB-2,c-ERB2,p185(erbB2)"
1325950,neu,2,2064,ERBB2,"CD340,HER-2,HER-2/neu,HER2,MLN 19,MLN-19,NEU,NGL,TKR1,VSCN2,c-ERB-2,c-ERB2,p185(erbB2)"
1325950,c-myc,3,4609,MYC,"MRTL,MYCC,bHLHe39,c-Myc"
1326003,hla-dqb1,6,3119,HLA-DQB1,"CELIAC1,HLA-DQB,IDDM1"
1326003,hla,1,3123,HLA-DRB1,"DRB1,HLA-DR1B,HLA-DRB,SS1"
1326003,hla-drb1,2,3123,HLA-DRB1,"DRB1,HLA-DR1B,HLA-DRB,SS1"
1326003,dqa1,2,3117,HLA-DQA1,"CELIAC1,DQ-A1,DQA1,HLA-DQA,HLA-DQA1*,HLA-DQB1"
1326003,dqb1,2,3119,HLA-DQB1,"CELIAC1,HLA-DQB,IDDM1"
1326003,drb1,2,3123,HLA-DRB1,"DRB1,HLA-DR1B,HLA-DRB,SS1"
1327031,epidermal growth factor receptor,1,1956,EGFR,"ERBB,ERBB1,ERRP,HER1,NISBD2,PIG61,mENA"
1327031,egfr,1,1956,EGFR,"ERBB,ERBB1,ERRP,HER1,NISBD2,PIG61,mENA"
1327031,erbb2,1,2064,ERBB2,"CD340,HER-2,HER-2/neu,HER2,MLN 19,MLN-19,NEU,NGL,TKR1,VSCN2,c-ERB-2,c-ERB2,p185(erbB2)"
1327031,transforming growth factor-alpha,1,7124,TNF,"DIF,TNF-alpha,TNFA,TNFSF2,TNLG1F"
1327031,tgf-alpha,1,7039,TGFA,"T,F,G,A"
1327031,k-ras,2,3845,KRAS,"'C-K-RAS,C-K-RAS,CFC2,K-RAS2A,K-RAS2B,K-RAS4A,K-RAS4B,K-Ras,K-Ras 2,KI-RAS,KRAS1,KRAS2,NS,NS3,OES,RALD,RASK2,c-Ki-ras,c-Ki-ras2"
1327031,p53,2,7157,TP53,"BCC7,BMFS5,LFS1,P53,TRP53"
1329504,pdeb,15,5158,PDE6B,"CSNB3,CSNBAD2,GMP-PDEbeta,PDEB,RP40,rd1"
1329505,col10a1,5,1300,COL10A1,None
1329840,tumor necrosis factor,2,7124,TNF,"DIF,TNF-alpha,TNFA,TNFSF2,TNLG1F"
1329840,tnf-alpha,3,7124,TNF,"DIF,TNF-alpha,TNFA,TNFSF2,TNLG1F"
1329840,tnf-beta,3,7124,TNF,"DIF,TNF-alpha,TNFA,TNFSF2,TNLG1F"
1329840,tnf,1,7124,TNF,"DIF,TNF-alpha,TNFA,TNFSF2,TNLG1F"
1330402,alpha 1-antitrypsin,1,5265,SERPINA1,"A1A,A1AT,AAT,PI,PI1,PRO2275,alpha1AT,nNIF"
1331352,p53,5,7157,TP53,"BCC7,BMFS5,LFS1,P53,TRP53"
1331389,vitamin d receptor,1,7421,VDR,"NR1I1,PPP1R163"
1331389,parathyroid hormone,2,5741,PTH,"FIH1,PTH1"
1332524,lp(a),5,4018,LPA,"AK38,APOA,LP"
1332524,apolipoproteins a-1 and b,1,335,APOA1,"HPALP2,apo(a)"
1332524,apolipoprotein a-i,4,335,APOA1,"HPALP2,apo(a)"
1332524,apolipoprotein b,3,338,APOB,"FCHL2,FLDB,LDLCQ4,apoB-100,apoB-48"
1332524,apolipoprotein a-i/b,1,335,APOA1,"HPALP2,apo(a)"
1332926,elastin,20,2006,ELN,"ADCL1,SVAS,WBS,WS"
1333377,lamp1,4,3916,LAMP1,"CD107a,LAMPA,LGP120"
1333377,lamp2,4,3920,LAMP2,"CD107b,DND,LAMP-2,LAMPB,LGP-96,LGP110"
1333465,p53,5,7157,TP53,"BCC7,BMFS5,LFS1,P53,TRP53"
1333648,adrenocorticotropic hormone,1,5443,POMC,"ACTH,CLIP,LPH,MSH,NPP,OBAIRH,POC"
1333648,prolactin,1,5617,PRL,"G,H,A,1"
1333648,insulin,1,3630,INS,"IDDM,IDDM1,IDDM2,ILPR,IRDN,MODY10,PNDM4"
1334053,p53,8,7157,TP53,"BCC7,BMFS5,LFS1,P53,TRP53"
1334053,c-myc,7,4609,MYC,"MRTL,MYCC,bHLHe39,c-Myc"
1334370,an2,4,5080,PAX6,"AN,AN1,AN2,ASGD5,D11S812E,FVH1,MGDA,WAGR"
1334370,wt1,2,7490,WT1,"AWT1,GUD,NPHS4,WAGR,WIT-2,WT-1,WT33"
1334370,pax-6,4,5080,PAX6,"AN,AN1,AN2,ASGD5,D11S812E,FVH1,MGDA,WAGR"
1335319,vitamin d receptor,2,22337,Vdr,"N,r,1,i,1"
1335319,vdr,7,22337,Vdr,"N,r,1,i,1"
1336301,vitamin d receptor,1,7421,VDR,"NR1I1,PPP1R163"
1336301,vdr,10,7421,VDR,"NR1I1,PPP1R163"
1336301,pddr,11,1594,CYP27B1,"CP2B,CYP1,CYP1alpha,CYP27B,P450c1,PDDR,VDD1,VDDR,VDDRI,VDR"
1336301,vdd1,1,1594,CYP27B1,"CP2B,CYP1,CYP1alpha,CYP27B,P450c1,PDDR,VDD1,VDDR,VDDRI,VDR"
1336301,col2a1,5,1280,COL2A1,"ANFH,AOM,COL11A3,SEDC,STL1"
1336301,ela1,2,1990,CELA1,"E,L,A,1"
1336726,tumor-suppressor,8,7248,TSC1,"LAM,TSC"
1336726,rb-1,2,5925,RB1,"OSRC,PPP1R130,RB,p105-Rb,p110-RB1,pRb,pp110"
1336726,p53,4,7157,TP53,"BCC7,BMFS5,LFS1,P53,TRP53"
1338765,pdeb,28,18587,Pde6b,"Pdeb,r,rd,rd-1,rd1,rd10"
1339481,insulin,5,3630,INS,"IDDM,IDDM1,IDDM2,ILPR,IRDN,MODY10,PNDM4"
1339481,rbp-1,1,5947,RBP1,"CRABP-I,CRBP,CRBP1,CRBPI,RBPC,hCRBP1"
1339481,rbp-2,1,5948,RBP2,"CRABP-II,CRBP2,CRBPII,RBPC2"
1339481,p107,5,5933,RBL1,"CP107,PRB1,p107"
1339481,insulin-like growth factor i,1,3479,IGF1,"IGF,IGF-I,IGFI,MGF"
1339481,igf-i,2,3479,IGF1,"IGF,IGF-I,IGFI,MGF"
1339481,igf-ii,2,3481,IGF2,"C11orf43,GRDF,IGF-II,PP9974,SRS3"
1339481,nerve growth factor,1,4803,NGF,"Beta-NGF,HSAN5,NGFB"
1339481,glucagon,1,2641,GCG,"GLP-1,GLP1,GLP2,GRPP"
1339481,beta-endorphin,1,5443,POMC,"ACTH,CLIP,LPH,MSH,NPP,OBAIRH,POC"
1341477,hla-a,1,3105,HLA-A,"H,L,A,A"
1341477,hla-b,1,3106,HLA-B,"AS,B-4901,HLAB"
1342640,tumor necrosis factor alpha,2,7124,TNF,"DIF,TNF-alpha,TNFA,TNFSF2,TNLG1F"
1342640,tnf alpha,7,7124,TNF,"DIF,TNF-alpha,TNFA,TNFSF2,TNLG1F"
1345166,n-cadherin,1,1000,CDH2,"ACOGS,ADHD8,ARVD14,CD325,CDHN,CDw325,NCAD"
1345166,bcr,1,613,BCR,"ALL,BCR1,CML,D22S11,D22S662,PHL"
1345166,glutathione-s-transferase,1,373156,GSTK1,"GST,GST 13-13,GST13,GST13-13,GSTK1-1,hGSTK1"
1345744,interferon-gamma,1,3458,IFNG,"IFG,IFI,IMD69"
1345744,ifn-gamma,2,3458,IFNG,"IFG,IFI,IMD69"
1345744,tnf-alpha,2,7124,TNF,"DIF,TNF-alpha,TNFA,TNFSF2,TNLG1F"
1345744,interleukin-2,1,3558,IL2,"IL-2,TCGF,lymphokine"
1345744,il-2,1,3558,IL2,"IL-2,TCGF,lymphokine"
1345744,interleukin-4,1,3565,IL4,"BCGF-1,BCGF1,BSF-1,BSF1,IL-4"
1345744,il-4,1,3565,IL4,"BCGF-1,BCGF1,BSF-1,BSF1,IL-4"
1345744,cd4,1,920,CD4,"CD4mut,IMD79,Leu-3,OKT4D,T4"
1345744,cd8,1,925,CD8A,"CD8,CD8alpha,Leu2,p32"
1345744,tnf,1,7124,TNF,"DIF,TNF-alpha,TNFA,TNFSF2,TNLG1F"
1346083,retinoblastoma,1,5925,RB1,"OSRC,PPP1R130,RB,p105-Rb,p110-RB1,pRb,pp110"
1346083,nf 1,1,4763,NF1,"NFNS,VRNF,WSS"
1346144,tumor necrosis factor beta,3,7124,TNF,"DIF,TNF-alpha,TNFA,TNFSF2,TNLG1F"
1346144,tumor necrosis factor alpha,3,7124,TNF,"DIF,TNF-alpha,TNFA,TNFSF2,TNLG1F"
1346144,tnf alpha,3,7124,TNF,"DIF,TNF-alpha,TNFA,TNFSF2,TNLG1F"
1346144,tnf beta,9,7124,TNF,"DIF,TNF-alpha,TNFA,TNFSF2,TNLG1F"
1346144,histocompatibility leucocyte antigens (hla)-b,3,3106,HLA-B,"AS,B-4901,HLAB"
1346144,tnf,9,7124,TNF,"DIF,TNF-alpha,TNFA,TNFSF2,TNLG1F"
1346144,dr3,9,8718,TNFRSF25,"APO-3,DDR3,DR3,GEF720,LARD,PLEKHG5,TNFRSF12,TR3,TRAMP,WSL-1,WSL-LRgene_id"
1346144,tsh-receptor,3,7253,TSHR,"CHNG1,LGR3,hTSHR-I"
1346589,rb1,1,5925,RB1,"OSRC,PPP1R130,RB,p105-Rb,p110-RB1,pRb,pp110"
1346589,tp53,1,7157,TP53,"BCC7,BMFS5,LFS1,P53,TRP53"
1346589,mycn,1,4613,MYCN,"MODED,MYCNsORF,MYCNsPEP,N-myc,NMYC,ODED,bHLHe37"
1347094,p53,12,7157,TP53,"BCC7,BMFS5,LFS1,P53,TRP53"
1347094,ki-ras,4,3845,KRAS,"'C-K-RAS,C-K-RAS,CFC2,K-RAS2A,K-RAS2B,K-RAS4A,K-RAS4B,K-Ras,K-Ras 2,KI-RAS,KRAS1,KRAS2,NS,NS3,OES,RALD,RASK2,c-Ki-ras,c-Ki-ras2"
1347148,pax-3,4,18505,Pax3,"Pax-3,Sp,Splchl2,splotch"
1347148,splotch,2,18505,Pax3,"Pax-3,Sp,Splchl2,splotch"
1347148,pax,2,19303,Pxn,"P,a,x"
1347148,pax-6,1,18508,Pax6,"1500038E17Rik,AEY11,Dey,Gsfaey11,Pax-6,Sey"
1347297,col7a1,5,1294,COL7A1,"EBD1,EBDCT,EBR1,NDNC8"
1347765,dqa1,5,3117,HLA-DQA1,"CELIAC1,DQ-A1,DQA1,HLA-DQA,HLA-DQA1*,HLA-DQB1"
1347765,insulin,1,3630,INS,"IDDM,IDDM1,IDDM2,ILPR,IRDN,MODY10,PNDM4"
1347765,hla-drb1,1,3123,HLA-DRB1,"DRB1,HLA-DR1B,HLA-DRB,SS1"
1347765,dqb1,4,3119,HLA-DQB1,"CELIAC1,HLA-DQB,IDDM1"
1347765,drb1,1,3123,HLA-DRB1,"DRB1,HLA-DR1B,HLA-DRB,SS1"
1347772,androgen receptor,2,367,AR,"AIS,AR8,DHTR,HUMARA,HYSP1,KD,NR3C4,SBMA,SMAX1,TFM"
1347772,ar,5,367,AR,"AIS,AR8,DHTR,HUMARA,HYSP1,KD,NR3C4,SBMA,SMAX1,TFM"
1348931,p53,3,7157,TP53,"BCC7,BMFS5,LFS1,P53,TRP53"
1349786,hla-dqa1,1,3117,HLA-DQA1,"CELIAC1,DQ-A1,DQA1,HLA-DQA,HLA-DQA1*,HLA-DQB1"
1349786,dqa1,7,3117,HLA-DQA1,"CELIAC1,DQ-A1,DQA1,HLA-DQA,HLA-DQA1*,HLA-DQB1"
1349842,oat,6,18242,Oat,"r,h,g"
1349842,int-2,1,14174,Fgf3,"Fgf-3,Fgf5c,Int-2,Int-P"
1349842,cyp2e-1,1,13106,Cyp2e1,"CYPIIE1,Cyp2e"
1349923,hla-a,2,3105,HLA-A,"H,L,A,A"
1349923,psti,2,6690,SPINK1,"PCTT,PSTI,Spink3,TATI,TCP"
1352359,p53,22,7157,TP53,"BCC7,BMFS5,LFS1,P53,TRP53"
1352359,c-erbb-2,14,2064,ERBB2,"CD340,HER-2,HER-2/neu,HER2,MLN 19,MLN-19,NEU,NGL,TKR1,VSCN2,c-ERB-2,c-ERB2,p185(erbB2)"
1352359,erbb2,2,2064,ERBB2,"CD340,HER-2,HER-2/neu,HER2,MLN 19,MLN-19,NEU,NGL,TKR1,VSCN2,c-ERB-2,c-ERB2,p185(erbB2)"
1352359,estrogen receptor,2,2099,ESR1,"ER,ESR,ESRA,ESTRR,Era,NR3A1"
1352685,c4a and c4b,2,720,C4A,"C4,C4A2,C4A3,C4A4,C4A6,C4AD,C4S,CO4,CPAMD2,RG"
1352685,c4b,4,721,C4B,"C4B1,C4B12,C4B2,C4B3,C4B5,C4BD,C4B_2,C4F,CH,CO4,CPAMD3"
1352745,cr1,10,1378,CR1,"C3BR,C4BR,CD35,KN"
1352745,c3br,1,1378,CR1,"C3BR,C4BR,CD35,KN"
1353190,p53,10,7157,TP53,"BCC7,BMFS5,LFS1,P53,TRP53"
1353665,col2a1,2,1280,COL2A1,"ANFH,AOM,COL11A3,SEDC,STL1"
1353891,p53,26,7157,TP53,"BCC7,BMFS5,LFS1,P53,TRP53"
1353891,all 3,2,5079,PAX5,"ALL3,BSAP,PAX-5"
1354866,cftr,1,1080,CFTR,"ABC35,ABCC7,CF,CFTR/MRP,MRP7,TNR-CFTR,dJ760C5.1"
1355612,interleukin-6,2,3569,IL6,"BSF-2,BSF2,CDF,HGF,HSF,IFN-beta-2,IFNB2,IL-6"
1355612,cd2,4,914,CD2,"LFA-2,SRBC,T11"
1355612,il-6,2,3569,IL6,"BSF-2,BSF2,CDF,HGF,HSF,IFN-beta-2,IFNB2,IL-6"
1355612,lfa-3,2,965,CD58,"LFA-3,LFA3,ag3"
1355612,interleukin-2,1,3558,IL2,"IL-2,TCGF,lymphokine"
1355612,il-2,1,3558,IL2,"IL-2,TCGF,lymphokine"
1355612,interleukin-2 receptor,1,3559,IL2RA,"CD25,IDDM10,IL2R,IMD41,TCGFR,p55"
1355612,il-2r,1,3559,IL2RA,"CD25,IDDM10,IL2R,IMD41,TCGFR,p55"
1355662,p53,10,7157,TP53,"BCC7,BMFS5,LFS1,P53,TRP53"
1355662,epidermal growth factor receptor,2,1956,EGFR,"ERBB,ERBB1,ERRP,HER1,NISBD2,PIG61,mENA"
1355662,c-erbb-2,3,2064,ERBB2,"CD340,HER-2,HER-2/neu,HER2,MLN 19,MLN-19,NEU,NGL,TKR1,VSCN2,c-ERB-2,c-ERB2,p185(erbB2)"
1355662,egfr,2,1956,EGFR,"ERBB,ERBB1,ERRP,HER1,NISBD2,PIG61,mENA"
1356901,androgen receptor,16,367,AR,"AIS,AR8,DHTR,HUMARA,HYSP1,KD,NR3C4,SBMA,SMAX1,TFM"
1356945,tnf-beta,8,7124,TNF,"DIF,TNF-alpha,TNFA,TNFSF2,TNLG1F"
1356945,hla-b,4,3106,HLA-B,"AS,B-4901,HLAB"
1356945,tumor necrosis factor (tnf)-alpha,2,7124,TNF,"DIF,TNF-alpha,TNFA,TNFSF2,TNLG1F"
1356945,tnf,2,7124,TNF,"DIF,TNF-alpha,TNFA,TNFSF2,TNLG1F"
1357342,p53,1,7157,TP53,"BCC7,BMFS5,LFS1,P53,TRP53"
1357424,alpha 1-antitrypsin,1,5265,SERPINA1,"A1A,A1AT,AAT,PI,PI1,PRO2275,alpha1AT,nNIF"
1358031,k-ras,1,3845,KRAS,"'C-K-RAS,C-K-RAS,CFC2,K-RAS2A,K-RAS2B,K-RAS4A,K-RAS4B,K-Ras,K-Ras 2,KI-RAS,KRAS1,KRAS2,NS,NS3,OES,RALD,RASK2,c-Ki-ras,c-Ki-ras2"
1358031,c-erbb-2,1,2064,ERBB2,"CD340,HER-2,HER-2/neu,HER2,MLN 19,MLN-19,NEU,NGL,TKR1,VSCN2,c-ERB-2,c-ERB2,p185(erbB2)"
1358031,her-2/neu,1,2064,ERBB2,"CD340,HER-2,HER-2/neu,HER2,MLN 19,MLN-19,NEU,NGL,TKR1,VSCN2,c-ERB-2,c-ERB2,p185(erbB2)"
1358031,c-myc,1,4609,MYC,"MRTL,MYCC,bHLHe39,c-Myc"
1358031,p53,1,7157,TP53,"BCC7,BMFS5,LFS1,P53,TRP53"
1358031,dcc,1,1630,DCC,"CRC18,CRCR1,HGPPS2,IGDCC1,MRMV1,NTN1R1"
1358037,il-6,3,3569,IL6,"BSF-2,BSF2,CDF,HGF,HSF,IFN-beta-2,IFNB2,IL-6"
1358037,tumour necrosis factor (tnf) alpha,1,7124,TNF,"DIF,TNF-alpha,TNFA,TNFSF2,TNLG1F"
1358037,il-1 alpha,3,3552,IL1A,"IL-1 alpha,IL-1A,IL1,IL1-ALPHA,IL1F1"
1358037,il-1 beta,3,3552,IL1A,"IL-1 alpha,IL-1A,IL1,IL1-ALPHA,IL1F1"
1358037,tnf alpha,3,7124,TNF,"DIF,TNF-alpha,TNFA,TNFSF2,TNLG1F"
1358037,interleukin 6,1,3569,IL6,"BSF-2,BSF2,CDF,HGF,HSF,IFN-beta-2,IFNB2,IL-6"
1358911,dqa1,6,3117,HLA-DQA1,"CELIAC1,DQ-A1,DQA1,HLA-DQA,HLA-DQA1*,HLA-DQB1"
1358911,dqb1,6,3119,HLA-DQB1,"CELIAC1,HLA-DQB,IDDM1"
1358979,collagen vii,1,1294,COL7A1,"EBD1,EBDCT,EBR1,NDNC8"
1358979,col7a1,2,1294,COL7A1,"EBD1,EBDCT,EBR1,NDNC8"
1359493,p53,5,7157,TP53,"BCC7,BMFS5,LFS1,P53,TRP53"
1359669,hla,1,3123,HLA-DRB1,"DRB1,HLA-DR1B,HLA-DRB,SS1"
1359669,"hla-drb1, -dqa1, -dqb1 and -dpb1",1,3123,HLA-DRB1,"DRB1,HLA-DR1B,HLA-DRB,SS1"
1359669,tnf beta,2,7124,TNF,"DIF,TNF-alpha,TNFA,TNFSF2,TNLG1F"
1359669,hla-drb1,1,3123,HLA-DRB1,"DRB1,HLA-DR1B,HLA-DRB,SS1"
1359669,dqb1,3,3119,HLA-DQB1,"CELIAC1,HLA-DQB,IDDM1"
1359669,drb1,1,3123,HLA-DRB1,"DRB1,HLA-DR1B,HLA-DRB,SS1"
1359669,hla-dpb1,1,3115,HLA-DPB1,"DPB1,HLA-DP,HLA-DP1B,HLA-DPB"
1359669,hla-b,1,3106,HLA-B,"AS,B-4901,HLAB"
1360084,comt,1,1312,COMT,"H,E,L,-,S,-,9,8,n"
1360329,p53,6,7157,TP53,"BCC7,BMFS5,LFS1,P53,TRP53"
1360329,c-erbb-2,6,2064,ERBB2,"CD340,HER-2,HER-2/neu,HER2,MLN 19,MLN-19,NEU,NGL,TKR1,VSCN2,c-ERB-2,c-ERB2,p185(erbB2)"
1361656,p53,18,7157,TP53,"BCC7,BMFS5,LFS1,P53,TRP53"
1362387,alcohol dehydrogenase,2,10327,AKR1A1,"ALDR1,ALR,ARM,DD3,HEL-S-6"
1362387,adh4,4,127,ADH4,"ADH-2,HEL-S-4"
1362387,adh5,4,128,ADH5,"ADH-3,ADHX,AMEDS,BMFS7,FALDH,FDH,GSH-FDH,GSNOR,HEL-S-60p"
1362387,adh,4,10327,AKR1A1,"ALDR1,ALR,ARM,DD3,HEL-S-6"
1362387,adh1,1,124,ADH1A,"A,D,H,1"
1362387,formaldehyde dehydrogenase,1,128,ADH5,"ADH-3,ADHX,AMEDS,BMFS7,FALDH,FDH,GSH-FDH,GSNOR,HEL-S-60p"
1362387,fdh,1,128,ADH5,"ADH-3,ADHX,AMEDS,BMFS7,FALDH,FDH,GSH-FDH,GSNOR,HEL-S-60p"
1362387,psti,1,6690,SPINK1,"PCTT,PSTI,Spink3,TATI,TCP"
1362387,adh2,2,127,ADH4,"ADH-2,HEL-S-4"
1362387,adh3,3,128,ADH5,"ADH-3,ADHX,AMEDS,BMFS7,FALDH,FDH,GSH-FDH,GSNOR,HEL-S-60p"
1362479,tnf-beta,4,7124,TNF,"DIF,TNF-alpha,TNFA,TNFSF2,TNLG1F"
1362479,tumor necrosis factor-beta,2,7124,TNF,"DIF,TNF-alpha,TNFA,TNFSF2,TNLG1F"
1362479,hla-b,2,3106,HLA-B,"AS,B-4901,HLAB"
1362479,hla,10,3123,HLA-DRB1,"DRB1,HLA-DR1B,HLA-DRB,SS1"
1362479,hla-drb1,2,3123,HLA-DRB1,"DRB1,HLA-DR1B,HLA-DRB,SS1"
1362479,hla-dqa1,2,3117,HLA-DQA1,"CELIAC1,DQ-A1,DQA1,HLA-DQA,HLA-DQA1*,HLA-DQB1"
1362479,hla-dqb1,2,3119,HLA-DQB1,"CELIAC1,HLA-DQB,IDDM1"
1363518,c-erbb-2,14,2064,ERBB2,"CD340,HER-2,HER-2/neu,HER2,MLN 19,MLN-19,NEU,NGL,TKR1,VSCN2,c-ERB-2,c-ERB2,p185(erbB2)"
1363589,cytochrome oxidase subunit i,1,26195,COX1,"C,O,I"
1363589,coi,3,26195,COX1,"C,O,I"
1363589,nadh dehydrogenase subunit 6,1,26203,ND6,None
1363589,nd6,3,26203,ND6,None
1367855,cftr,1,1080,CFTR,"ABC35,ABCC7,CF,CFTR/MRP,MRP7,TNR-CFTR,dJ760C5.1"
1370301,cystic fibrosis transmembrane conductance regulator,2,1080,CFTR,"ABC35,ABCC7,CF,CFTR/MRP,MRP7,TNR-CFTR,dJ760C5.1"
1370301,cftr,12,12638,Cftr,"A,b,c,c,7"
1370306,pg-ii,1,1634,DCN,"CSCD,DSPG2,PG40,PGII,PGS2,SLRR1B"
1370353,cftr,7,1080,CFTR,"ABC35,ABCC7,CF,CFTR/MRP,MRP7,TNR-CFTR,dJ760C5.1"
1370365,cftr,1,1080,CFTR,"ABC35,ABCC7,CF,CFTR/MRP,MRP7,TNR-CFTR,dJ760C5.1"
1370488,cystic fibrosis transmembrane conductance regulator,2,1080,CFTR,"ABC35,ABCC7,CF,CFTR/MRP,MRP7,TNR-CFTR,dJ760C5.1"
1370488,cftr,13,1080,CFTR,"ABC35,ABCC7,CF,CFTR/MRP,MRP7,TNR-CFTR,dJ760C5.1"
1370653,cystic fibrosis transmembrane conductance regulator,1,1080,CFTR,"ABC35,ABCC7,CF,CFTR/MRP,MRP7,TNR-CFTR,dJ760C5.1"
1370653,cftr,13,1080,CFTR,"ABC35,ABCC7,CF,CFTR/MRP,MRP7,TNR-CFTR,dJ760C5.1"
1370661,interleukin-6,2,3569,IL6,"BSF-2,BSF2,CDF,HGF,HSF,IFN-beta-2,IFNB2,IL-6"
1370661,interleukin 6,2,3569,IL6,"BSF-2,BSF2,CDF,HGF,HSF,IFN-beta-2,IFNB2,IL-6"
1370661,il-6,22,3569,IL6,"BSF-2,BSF2,CDF,HGF,HSF,IFN-beta-2,IFNB2,IL-6"
1370661,c-reactive protein,2,1401,CRP,"P,T,X,1"
1370661,alpha 1-antitrypsin,2,5265,SERPINA1,"A1A,A1AT,AAT,PI,PI1,PRO2275,alpha1AT,nNIF"
1370807,cftr,2,1080,CFTR,"ABC35,ABCC7,CF,CFTR/MRP,MRP7,TNR-CFTR,dJ760C5.1"
1370807,cystic fibrosis transmembrane conductance regulator,2,1080,CFTR,"ABC35,ABCC7,CF,CFTR/MRP,MRP7,TNR-CFTR,dJ760C5.1"
1371263,cftr,12,1080,CFTR,"ABC35,ABCC7,CF,CFTR/MRP,MRP7,TNR-CFTR,dJ760C5.1"
1371277,hlyb,6,7701380,None,None
1371277,ste6,1,853671,STE6,None
1371277,hlya,1,7701379,None,None
1371598,p-glycoprotein,6,5243,ABCB1,"ABC20,CD243,CLCS,GP170,MDR1,P-GP,PGY1,p-170"
1371598,mdr1,1,5243,ABCB1,"ABC20,CD243,CLCS,GP170,MDR1,P-GP,PGY1,p-170"
1371598,cftr,3,1080,CFTR,"ABC35,ABCC7,CF,CFTR/MRP,MRP7,TNR-CFTR,dJ760C5.1"
1372253,cftr,18,1080,CFTR,"ABC35,ABCC7,CF,CFTR/MRP,MRP7,TNR-CFTR,dJ760C5.1"
1372253,cystic fibrosis transmembrane conductance regulator,2,1080,CFTR,"ABC35,ABCC7,CF,CFTR/MRP,MRP7,TNR-CFTR,dJ760C5.1"
1372253,gcl,12,64395,GMCL1,"BTBD13,GCL,GCL1,SPATA29"
1372891,cystic fibrosis transmembrane conductance regulator,2,1080,CFTR,"ABC35,ABCC7,CF,CFTR/MRP,MRP7,TNR-CFTR,dJ760C5.1"
1372891,cftr,2,1080,CFTR,"ABC35,ABCC7,CF,CFTR/MRP,MRP7,TNR-CFTR,dJ760C5.1"
1372891,p-66,3,10714,POLD3,"P66,P68,PPP1R128"
1372891,p-67,3,945,CD33,"SIGLEC-3,SIGLEC3,p67"
1373164,thyroglobulin,4,7038,TG,"AITD3,TGN"
1373310,tp53,5,7157,TP53,"BCC7,BMFS5,LFS1,P53,TRP53"
1373310,progesterone receptor,1,5241,PGR,"NR3C3,PR"
1373310,erbb2,1,2064,ERBB2,"CD340,HER-2,HER-2/neu,HER2,MLN 19,MLN-19,NEU,NGL,TKR1,VSCN2,c-ERB-2,c-ERB2,p185(erbB2)"
1373500,p53,16,7157,TP53,"BCC7,BMFS5,LFS1,P53,TRP53"
1373500,hsp70,1,3308,HSPA4,"APG-2,HEL-S-5a,HS24/P52,HSPH2,RY,hsp70,hsp70RY"
1373503,transforming growth factor beta 2,1,7042,TGFB2,"G-TSF,LDS4,TGF-beta2"
1373503,tgf-beta,1,7039,TGFA,"T,F,G,A"
1373503,tgf-beta 2,6,7042,TGFB2,"G-TSF,LDS4,TGF-beta2"
1373503,tgf-beta 1,3,7040,TGFB1,"CED,DPD1,IBDIMDE,LAP,TGF-beta1,TGFB,TGFbeta"
1373503,tgf-beta 3,1,7043,TGFB3,"ARVD,ARVD1,LDS5,RNHF,TGF-beta3"
1373881,p53,45,7157,TP53,"BCC7,BMFS5,LFS1,P53,TRP53"
1373908,cftr,24,1080,CFTR,"ABC35,ABCC7,CF,CFTR/MRP,MRP7,TNR-CFTR,dJ760C5.1"
1373908,cystic fibrosis transmembrane conductance regulator,3,1080,CFTR,"ABC35,ABCC7,CF,CFTR/MRP,MRP7,TNR-CFTR,dJ760C5.1"
1374096,vcam-1,7,7412,VCAM1,"CD106,INCAM-100"
1374096,icam-1,4,3383,ICAM1,"BB2,CD54,P3.58"
1374096,tnf-alpha,3,7124,TNF,"DIF,TNF-alpha,TNFA,TNFSF2,TNLG1F"
1374096,vascular cell adhesion molecule-1,1,7412,VCAM1,"CD106,INCAM-100"
1374096,beta 2,1,170589,GPHA2,"A2,GPA2,ZSIG51"
1374096,beta 1 integrins,1,3688,ITGB1,"CD29,FNRB,GPIIA,MDF2,MSK12,VLA-BETA,VLAB"
1375156,mdr1,15,5243,ABCB1,"ABC20,CD243,CLCS,GP170,MDR1,P-GP,PGY1,p-170"
1375156,cystic-fibrosis transmembrane-conductance regulator,6,1080,CFTR,"ABC35,ABCC7,CF,CFTR/MRP,MRP7,TNR-CFTR,dJ760C5.1"
1375156,p-glycoprotein,3,5243,ABCB1,"ABC20,CD243,CLCS,GP170,MDR1,P-GP,PGY1,p-170"
1375156,cftr,24,1080,CFTR,"ABC35,ABCC7,CF,CFTR/MRP,MRP7,TNR-CFTR,dJ760C5.1"
1375186,cftr,6,1080,CFTR,"ABC35,ABCC7,CF,CFTR/MRP,MRP7,TNR-CFTR,dJ760C5.1"
1375186,cystic fibrosis transmembrane conductance regulator,2,1080,CFTR,"ABC35,ABCC7,CF,CFTR/MRP,MRP7,TNR-CFTR,dJ760C5.1"
1375432,cftr,2,1080,CFTR,"ABC35,ABCC7,CF,CFTR/MRP,MRP7,TNR-CFTR,dJ760C5.1"
1375432,cystic fibrosis transmembrane conductance regulator,1,1080,CFTR,"ABC35,ABCC7,CF,CFTR/MRP,MRP7,TNR-CFTR,dJ760C5.1"
1375475,cystic fibrosis transmembrane conductance regulator,4,12638,Cftr,"A,b,c,c,7"
1375475,cftr,10,12638,Cftr,"A,b,c,c,7"
1376016,cf transmembrane conductance regulator,1,1080,CFTR,"ABC35,ABCC7,CF,CFTR/MRP,MRP7,TNR-CFTR,dJ760C5.1"
1376016,cftr,4,1080,CFTR,"ABC35,ABCC7,CF,CFTR/MRP,MRP7,TNR-CFTR,dJ760C5.1"
1376017,cf transmembrane conductance regulator,1,1080,CFTR,"ABC35,ABCC7,CF,CFTR/MRP,MRP7,TNR-CFTR,dJ760C5.1"
1376017,cftr,4,1080,CFTR,"ABC35,ABCC7,CF,CFTR/MRP,MRP7,TNR-CFTR,dJ760C5.1"
1376182,cftr,2,1080,CFTR,"ABC35,ABCC7,CF,CFTR/MRP,MRP7,TNR-CFTR,dJ760C5.1"
1376182,cystic fibrosis transmembrane conductance regulator,2,1080,CFTR,"ABC35,ABCC7,CF,CFTR/MRP,MRP7,TNR-CFTR,dJ760C5.1"
1376258,interleukin-1,1,3552,IL1A,"IL-1 alpha,IL-1A,IL1,IL1-ALPHA,IL1F1"
1376258,tumor necrosis factor-alpha,2,7124,TNF,"DIF,TNF-alpha,TNFA,TNFSF2,TNLG1F"
1376258,interleukin (il)-1,1,3552,IL1A,"IL-1 alpha,IL-1A,IL1,IL1-ALPHA,IL1F1"
1376258,tnf-alpha,5,7124,TNF,"DIF,TNF-alpha,TNFA,TNFSF2,TNLG1F"
1376258,cd11a,1,3683,ITGAL,"CD11A,LFA-1,LFA1A"
1376258,cd11b,1,3684,ITGAM,"CD11B,CR3A,MAC-1,MAC1A,MO1A,SLEB6"
1376258,il-1 beta,2,3552,IL1A,"IL-1 alpha,IL-1A,IL1,IL1-ALPHA,IL1F1"
1376258,il-1,2,3552,IL1A,"IL-1 alpha,IL-1A,IL1,IL1-ALPHA,IL1F1"
1376492,interleukin-6,1,3569,IL6,"BSF-2,BSF2,CDF,HGF,HSF,IFN-beta-2,IFNB2,IL-6"
1376492,il-6,6,3569,IL6,"BSF-2,BSF2,CDF,HGF,HSF,IFN-beta-2,IFNB2,IL-6"
1377133,cystic fibrosis transmembrane conductance regulator,2,1080,CFTR,"ABC35,ABCC7,CF,CFTR/MRP,MRP7,TNR-CFTR,dJ760C5.1"
1377133,cftr,7,1080,CFTR,"ABC35,ABCC7,CF,CFTR/MRP,MRP7,TNR-CFTR,dJ760C5.1"
1377140,p-glycoprotein,1,5243,ABCB1,"ABC20,CD243,CLCS,GP170,MDR1,P-GP,PGY1,p-170"
1377140,cftr,2,1080,CFTR,"ABC35,ABCC7,CF,CFTR/MRP,MRP7,TNR-CFTR,dJ760C5.1"
1377165,cystic fibrosis transmembrane conductance regulator,2,12638,Cftr,"A,b,c,c,7"
1377165,cftr,11,12638,Cftr,"A,b,c,c,7"
1377165,c-met,1,17295,Met,"HGF,HGFR,Par4,c-Met"
1377520,insulin,5,3630,INS,"IDDM,IDDM1,IDDM2,ILPR,IRDN,MODY10,PNDM4"
1377520,igf-1,11,3479,IGF1,"IGF,IGF-I,IGFI,MGF"
1377520,igf-2,5,3481,IGF2,"C11orf43,GRDF,IGF-II,PP9974,SRS3"
1377659,cystic fibrosis transmembrane conductance regulator,1,1080,CFTR,"ABC35,ABCC7,CF,CFTR/MRP,MRP7,TNR-CFTR,dJ760C5.1"
1377659,cftr,1,1080,CFTR,"ABC35,ABCC7,CF,CFTR/MRP,MRP7,TNR-CFTR,dJ760C5.1"
1377674,cystic fibrosis transmembrane conductance regulator,2,1080,CFTR,"ABC35,ABCC7,CF,CFTR/MRP,MRP7,TNR-CFTR,dJ760C5.1"
1377674,cftr,6,1080,CFTR,"ABC35,ABCC7,CF,CFTR/MRP,MRP7,TNR-CFTR,dJ760C5.1"
1377674,pkg,4,5592,PRKG1,"AAT8,PKG,PKG1,PRKG1B,PRKGR1B,cGK,cGK 1,cGK1,cGKI,cGKI-BETA,cGKI-alpha"
1377674,calcium/calmodulin-dependent protein kinase i,1,8536,CAMK1,"C,A,M,K,I"
1377750,col7a1,1,1294,COL7A1,"EBD1,EBDCT,EBR1,NDNC8"
1377820,cystic fibrosis transmembrane conductance regulator,1,1080,CFTR,"ABC35,ABCC7,CF,CFTR/MRP,MRP7,TNR-CFTR,dJ760C5.1"
1377820,cf transmembrane conductance regulator,1,12638,Cftr,"A,b,c,c,7"
1377820,cftr,5,1080,CFTR,"ABC35,ABCC7,CF,CFTR/MRP,MRP7,TNR-CFTR,dJ760C5.1"
1377893,c-erbb-2,7,2064,ERBB2,"CD340,HER-2,HER-2/neu,HER2,MLN 19,MLN-19,NEU,NGL,TKR1,VSCN2,c-ERB-2,c-ERB2,p185(erbB2)"
1378089,rtnf,4,24835,Tnf,"RATTNF,TNF-alpha,Tnfa"
1378089,tnf,1,7124,TNF,"DIF,TNF-alpha,TNFA,TNFSF2,TNLG1F"
1378393,cftr,10,1080,CFTR,"ABC35,ABCC7,CF,CFTR/MRP,MRP7,TNR-CFTR,dJ760C5.1"
1378393,sucrase-isomaltase,1,6476,SI,None
1378393,alpha 1-antitrypsin,1,5265,SERPINA1,"A1A,A1AT,AAT,PI,PI1,PRO2275,alpha1AT,nNIF"
1378801,cystic fibrosis transmembrane conductance regulator,1,1080,CFTR,"ABC35,ABCC7,CF,CFTR/MRP,MRP7,TNR-CFTR,dJ760C5.1"
1378801,cf transmembrane conductance regulator,1,1080,CFTR,"ABC35,ABCC7,CF,CFTR/MRP,MRP7,TNR-CFTR,dJ760C5.1"
1378801,cftr,2,1080,CFTR,"ABC35,ABCC7,CF,CFTR/MRP,MRP7,TNR-CFTR,dJ760C5.1"
1378835,cystic fibrosis transmembrane conductance regulator,1,100754506,Cftr,None
1378835,cftr,8,100754506,Cftr,None
1378862,thyroglobulin,2,24826,Tg,"T,g,n"
1378998,cystic fibrosis transmembrane conductance regulator,1,24255,Cftr,"R,G,D,1,5,6,1,1,9,3"
1378998,cftr,11,24255,Cftr,"R,G,D,1,5,6,1,1,9,3"
1378998,mdr-1,3,24646,Abcb1b,"Abcb1,Mdr1,Pgy1,Pgy2,mdr1b"
1379210,cftr,6,1080,CFTR,"ABC35,ABCC7,CF,CFTR/MRP,MRP7,TNR-CFTR,dJ760C5.1"
1379210,cystic fibrosis transmembrane conductance regulator,2,1080,CFTR,"ABC35,ABCC7,CF,CFTR/MRP,MRP7,TNR-CFTR,dJ760C5.1"
1379211,cftr,1,1080,CFTR,"ABC35,ABCC7,CF,CFTR/MRP,MRP7,TNR-CFTR,dJ760C5.1"
1379244,cystic fibrosis transmembrane conductance regulator,4,1080,CFTR,"ABC35,ABCC7,CF,CFTR/MRP,MRP7,TNR-CFTR,dJ760C5.1"
1379244,cftr,14,1080,CFTR,"ABC35,ABCC7,CF,CFTR/MRP,MRP7,TNR-CFTR,dJ760C5.1"
1379413,cystic fibrosis transmembrane conductance regulator,1,1080,CFTR,"ABC35,ABCC7,CF,CFTR/MRP,MRP7,TNR-CFTR,dJ760C5.1"
1379413,cftr,1,1080,CFTR,"ABC35,ABCC7,CF,CFTR/MRP,MRP7,TNR-CFTR,dJ760C5.1"
1379473,cystic fibrosis transmembrane conductance regulator,2,1080,CFTR,"ABC35,ABCC7,CF,CFTR/MRP,MRP7,TNR-CFTR,dJ760C5.1"
1379473,cftr,4,1080,CFTR,"ABC35,ABCC7,CF,CFTR/MRP,MRP7,TNR-CFTR,dJ760C5.1"
1379613,cystic fibrosis transmembrane conductance regulator,2,1080,CFTR,"ABC35,ABCC7,CF,CFTR/MRP,MRP7,TNR-CFTR,dJ760C5.1"
1379613,cftr,12,1080,CFTR,"ABC35,ABCC7,CF,CFTR/MRP,MRP7,TNR-CFTR,dJ760C5.1"
1380241,interleukin-6,2,3569,IL6,"BSF-2,BSF2,CDF,HGF,HSF,IFN-beta-2,IFNB2,IL-6"
1380241,il-6,11,3569,IL6,"BSF-2,BSF2,CDF,HGF,HSF,IFN-beta-2,IFNB2,IL-6"
1380241,il-6r,3,3570,IL6R,"CD126,HIES5,IL-1Ra,IL-6R,IL-6R-1,IL-6RA,IL6Q,IL6QTL,IL6RA,IL6RQ,gp80"
1380241,gp130,3,3572,IL6ST,"CD130,CDW130,GP130,HIES4,HIES4A,HIES4B,IL-6RB,IMD94,STWS2,sGP130"
1380241,nf-il6,4,1051,CEBPB,"C/EBP-beta,IL6DBP,NF-IL6,TCF5"
1380483,acetylcholinesterase,2,43,ACHE,"ACEE,ARACHE,N-ACHE,YT"
1380483,ache,10,43,ACHE,"ACEE,ARACHE,N-ACHE,YT"
1380483,cftr,1,1080,CFTR,"ABC35,ABCC7,CF,CFTR/MRP,MRP7,TNR-CFTR,dJ760C5.1"
1380483,bche,4,590,BCHE,"BCHED,CHE1,CHE2,E1"
1380483,acylcholine acylhydrolase,1,590,BCHE,"BCHED,CHE1,CHE2,E1"
1380486,cftr,2,1080,CFTR,"ABC35,ABCC7,CF,CFTR/MRP,MRP7,TNR-CFTR,dJ760C5.1"
1380486,cystic fibrosis (cf) transmembrane conductance regulator,1,1080,CFTR,"ABC35,ABCC7,CF,CFTR/MRP,MRP7,TNR-CFTR,dJ760C5.1"
1380673,cftr,16,1080,CFTR,"ABC35,ABCC7,CF,CFTR/MRP,MRP7,TNR-CFTR,dJ760C5.1"
1380723,cystic fibrosis transmembrane conductance regulator,2,1080,CFTR,"ABC35,ABCC7,CF,CFTR/MRP,MRP7,TNR-CFTR,dJ760C5.1"
1380723,cftr,4,12638,Cftr,"A,b,c,c,7"
1380724,cystic fibrosis transmembrane conductance regulator,1,12638,Cftr,"A,b,c,c,7"
1380724,cftr,6,12638,Cftr,"A,b,c,c,7"
1380943,cftr,1,1080,CFTR,"ABC35,ABCC7,CF,CFTR/MRP,MRP7,TNR-CFTR,dJ760C5.1"
1381703,insulin-like growth factor (igf)-i,1,3479,IGF1,"IGF,IGF-I,IGFI,MGF"
1381703,igf-ii,3,3481,IGF2,"C11orf43,GRDF,IGF-II,PP9974,SRS3"
1381703,igfbp-1,1,3484,IGFBP1,"AFBP,IBP1,IGF-BP25,PP12,hIGFBP-1"
1381703,insulin-like growth factor-type i (igf-i,1,3479,IGF1,"IGF,IGF-I,IGFI,MGF"
1381703,igf-i,6,3479,IGF1,"IGF,IGF-I,IGFI,MGF"
1381703,igfbps,1,3484,IGFBP1,"AFBP,IBP1,IGF-BP25,PP12,hIGFBP-1"
1381723,cystic fibrosis transmembrane conductance regulator,2,1080,CFTR,"ABC35,ABCC7,CF,CFTR/MRP,MRP7,TNR-CFTR,dJ760C5.1"
1381723,cystic fibrosis conductance transmembrane regulator,2,1080,CFTR,"ABC35,ABCC7,CF,CFTR/MRP,MRP7,TNR-CFTR,dJ760C5.1"
1381723,cftr,20,1080,CFTR,"ABC35,ABCC7,CF,CFTR/MRP,MRP7,TNR-CFTR,dJ760C5.1"
1382222,cystic fibrosis transmembrane conductance regulator,1,1080,CFTR,"ABC35,ABCC7,CF,CFTR/MRP,MRP7,TNR-CFTR,dJ760C5.1"
1382222,cftr,3,1080,CFTR,"ABC35,ABCC7,CF,CFTR/MRP,MRP7,TNR-CFTR,dJ760C5.1"
1382316,cftr,4,1080,CFTR,"ABC35,ABCC7,CF,CFTR/MRP,MRP7,TNR-CFTR,dJ760C5.1"
1382316,cystic fibrosis transmembrane conductance regulator,1,1080,CFTR,"ABC35,ABCC7,CF,CFTR/MRP,MRP7,TNR-CFTR,dJ760C5.1"
1382860,p-glycoprotein,4,5243,ABCB1,"ABC20,CD243,CLCS,GP170,MDR1,P-GP,PGY1,p-170"
1382860,cftr,1,1080,CFTR,"ABC35,ABCC7,CF,CFTR/MRP,MRP7,TNR-CFTR,dJ760C5.1"
1384103,interleukin-6,4,3569,IL6,"BSF-2,BSF2,CDF,HGF,HSF,IFN-beta-2,IFNB2,IL-6"
1384103,il-6,14,3569,IL6,"BSF-2,BSF2,CDF,HGF,HSF,IFN-beta-2,IFNB2,IL-6"
1384103,c-reactive protein,2,1401,CRP,"P,T,X,1"
1384103,crp,6,1401,CRP,"P,T,X,1"
1384103,renin,2,5972,REN,"ADTKD4,HNFJ2,RTD"
1384582,cystic fibrosis transmembrane conductance regulator,4,1080,CFTR,"ABC35,ABCC7,CF,CFTR/MRP,MRP7,TNR-CFTR,dJ760C5.1"
1384582,cftr,16,1080,CFTR,"ABC35,ABCC7,CF,CFTR/MRP,MRP7,TNR-CFTR,dJ760C5.1"
1385213,cystic fibrosis transmembrane conductance regulator,1,1080,CFTR,"ABC35,ABCC7,CF,CFTR/MRP,MRP7,TNR-CFTR,dJ760C5.1"
1385213,cftr,3,1080,CFTR,"ABC35,ABCC7,CF,CFTR/MRP,MRP7,TNR-CFTR,dJ760C5.1"
1386607,hexb,4,3074,HEXB,"ENC-1AS,HEL-248,HEL-S-111"
1390948,hexb,4,3074,HEXB,"ENC-1AS,HEL-248,HEL-S-111"
1390948,alpha- and a beta,2,351,APP,"AAA,ABETA,ABPP,AD1,APPI,CTFgamma,CVAP,PN-II,PN2,alpha-sAPP,preA4"
1391597,thyroglobulin,2,100857838,TG,None
1393846,interleukin-6,2,3569,IL6,"BSF-2,BSF2,CDF,HGF,HSF,IFN-beta-2,IFNB2,IL-6"
1393846,il-6,4,3569,IL6,"BSF-2,BSF2,CDF,HGF,HSF,IFN-beta-2,IFNB2,IL-6"
1394133,p53,18,7157,TP53,"BCC7,BMFS5,LFS1,P53,TRP53"
1394234,p53,4,7157,TP53,"BCC7,BMFS5,LFS1,P53,TRP53"
1398068,p53,17,7157,TP53,"BCC7,BMFS5,LFS1,P53,TRP53"
1398068,mck,2,12715,Ckm,"CPK-M,Ckmm,M-CK,MCK"
1400901,anti-pyruvate dehydrogenase,1,54704,PDP1,"PDH,PDP,PDPC,PPM2A,PPM2C"
1400901,pdh,6,54704,PDP1,"PDH,PDP,PDPC,PPM2A,PPM2C"
1404883,ornithine transcarbamylase,1,5009,OTC,"OCTD,OTC1,OTCD,OTCase"
1405404,retinoblastoma,1,5925,RB1,"OSRC,PPP1R130,RB,p105-Rb,p110-RB1,pRb,pp110"
1411288,calprotectin (l1,1,3897,L1CAM,"CAML1,CD171,HSAS,HSAS1,HYCX,MASA,MIC5,N-CAM-L1,N-CAML1,NCAM-L1,S10,SPG1"
1411288,alpha 1-antitrypsin,1,5265,SERPINA1,"A1A,A1AT,AAT,PI,PI1,PRO2275,alpha1AT,nNIF"
1413493,p53,7,7157,TP53,"BCC7,BMFS5,LFS1,P53,TRP53"
1415186,5-aminolevulinate synthase,2,211,ALAS1,"ALAS,ALAS-H,ALAS3,ALASH,MIG4"
1415186,alas,10,211,ALAS1,"ALAS,ALAS-H,ALAS3,ALASH,MIG4"
1415186,glycophorin a,1,2993,GYPA,"CD235a,GPA,GPErik,GPSAT,HGpMiV,HGpMiXI,HGpSta(C),MN,MNS,PAS-2"
1417119,mig,1,17329,Cxcl9,"CMK,Mig,MuMIG,Scyb9,crg-10"
1417119,hla-b27,3,3106,HLA-B,"AS,B-4901,HLAB"
1418006,interleukin-6,2,3569,IL6,"BSF-2,BSF2,CDF,HGF,HSF,IFN-beta-2,IFNB2,IL-6"
1418006,il-6,6,3569,IL6,"BSF-2,BSF2,CDF,HGF,HSF,IFN-beta-2,IFNB2,IL-6"
1418006,il-1,3,3552,IL1A,"IL-1 alpha,IL-1A,IL1,IL1-ALPHA,IL1F1"
1418006,matrix metalloproteinase 1,1,4312,MMP1,"CLG,CLGN"
1418298,thyroglobulin,1,21819,Tg,"Tgn,cog"
1419500,dr4,1,3126,HLA-DRB4,"DR4,DRB4,HLA-DR4B,HLA-DRB,HLA-DRB4*"
1419753,e-cadherin,3,999,CDH1,"Arc-1,BCDS1,CD324,CDHE,ECAD,LCAM,UVO"
1419981,p53,7,7157,TP53,"BCC7,BMFS5,LFS1,P53,TRP53"
1421173,n-ras,12,4893,NRAS,"ALPS4,CMNS,KRAS,N-ras,NCMS,NRAS1,NS6"
1421173,k-ras,2,3845,KRAS,"'C-K-RAS,C-K-RAS,CFC2,K-RAS2A,K-RAS2B,K-RAS4A,K-RAS4B,K-Ras,K-Ras 2,KI-RAS,KRAS1,KRAS2,NS,NS3,OES,RALD,RASK2,c-Ki-ras,c-Ki-ras2"
1421422,igf-i,10,3479,IGF1,"IGF,IGF-I,IGFI,MGF"
1421422,igf-ii,10,3481,IGF2,"C11orf43,GRDF,IGF-II,PP9974,SRS3"
1421423,igf-i,2,3479,IGF1,"IGF,IGF-I,IGFI,MGF"
1421423,igf-ii,6,3481,IGF2,"C11orf43,GRDF,IGF-II,PP9974,SRS3"
1421423,estrogen receptor,1,2099,ESR1,"ER,ESR,ESRA,ESTRR,Era,NR3A1"
1421624,c4b,1,721,C4B,"C4B1,C4B12,C4B2,C4B3,C4B5,C4BD,C4B_2,C4F,CH,CO4,CPAMD3"
1423285,p53,7,7157,TP53,"BCC7,BMFS5,LFS1,P53,TRP53"
1424119,hex a,2,3073,HEXA,"T,S,D"
1424119,hexa,2,3073,HEXA,"T,S,D"
1424744,interleukin 6,1,3569,IL6,"BSF-2,BSF2,CDF,HGF,HSF,IFN-beta-2,IFNB2,IL-6"
1424744,il-6,3,3569,IL6,"BSF-2,BSF2,CDF,HGF,HSF,IFN-beta-2,IFNB2,IL-6"
1424744,interleukin 1 (il-1,1,3552,IL1A,"IL-1 alpha,IL-1A,IL1,IL1-ALPHA,IL1F1"
1424744,interleukin 2,1,3558,IL2,"IL-2,TCGF,lymphokine"
1424744,il-2,2,3558,IL2,"IL-2,TCGF,lymphokine"
1424744,tumour necrosis factor,1,7124,TNF,"DIF,TNF-alpha,TNFA,TNFSF2,TNLG1F"
1424744,tnf,2,7124,TNF,"DIF,TNF-alpha,TNFA,TNFSF2,TNLG1F"
1424744,il-1,2,3552,IL1A,"IL-1 alpha,IL-1A,IL1,IL1-ALPHA,IL1F1"
1425485,p-glycoprotein,1,5243,ABCB1,"ABC20,CD243,CLCS,GP170,MDR1,P-GP,PGY1,p-170"
1425485,cftr,1,1080,CFTR,"ABC35,ABCC7,CF,CFTR/MRP,MRP7,TNR-CFTR,dJ760C5.1"
1427838,hfe,6,3077,HFE,"HFE1,HH,HLA-H,MVCD7,TFQTL2"
1427838,hla-a,4,3105,HLA-A,"H,L,A,A"
1427899,hxb,5,3371,TNC,"150-225,DFNA56,GMEM,GP,HXB,JI,TN,TN-C"
1427899,gelsolin,5,2934,GSN,"ADF,AGEL"
1427899,gsn,5,2934,GSN,"ADF,AGEL"
1427899,adenylate kinase 1,5,203,AK1,"H,T,L,-,S,-,5,8,j"
1427899,ak1,5,203,AK1,"H,T,L,-,S,-,5,8,j"
1427899,arginosuccinate synthetase,5,445,ASS1,"ASS,CTLN1"
1427899,ass,5,445,ASS1,"ASS,CTLN1"
1427899,abl,5,25,ABL1,"ABL,BCR-ABL,CHDSKM,JTK7,bcr/abl,c-ABL,c-ABL1,p150,v-abl"
1427899,abl1,5,25,ABL1,"ABL,BCR-ABL,CHDSKM,JTK7,bcr/abl,c-ABL,c-ABL1,p150,v-abl"
1427899,abo blood group,5,28,ABO,"A3GALNT,A3GALT1,GTB,NAGAT"
1427899,abo,5,28,ABO,"A3GALNT,A3GALT1,GTB,NAGAT"
1427899,dopamine beta-hydroxylase,5,1621,DBH,"DBM,ORTHYP1"
1427899,dbh,5,1621,DBH,"DBM,ORTHYP1"
1427899,xpa,5,7507,XPA,"XP1,XPAC"
1427899,dyt1,5,1861,TOR1A,"AMC5,DQ2,DYT1"
1427899,tsc1,5,7248,TSC1,"LAM,TSC"
1429035,dqb,1,3119,HLA-DQB1,"CELIAC1,HLA-DQB,IDDM1"
1429209,p53,10,7157,TP53,"BCC7,BMFS5,LFS1,P53,TRP53"
1429602,collagen alpha 1(ii) chain,1,1280,COL2A1,"ANFH,AOM,COL11A3,SEDC,STL1"
1429602,col2a1,2,1280,COL2A1,"ANFH,AOM,COL11A3,SEDC,STL1"
1433335,ercc1,6,2067,ERCC1,"COFS4,RAD10,UV20"
1433335,ercc2,4,2068,ERCC2,"COFS2,EM9,TFIIH,TTD,TTD1,XPD"
1433368,p53,3,7157,TP53,"BCC7,BMFS5,LFS1,P53,TRP53"
1436650,nerve growth factor receptor,1,4804,NGFR,"CD271,Gp80-LNGFR,TNFRSF16,p75(NTR),p75NTR"
1436650,ngf receptor,4,4804,NGFR,"CD271,Gp80-LNGFR,TNFRSF16,p75(NTR),p75NTR"
1436650,choline acetyltransferase,1,1103,CHAT,"CHOACTASE,CMS1A,CMS1A2,CMS6"
1436650,chat,2,1103,CHAT,"CHOACTASE,CMS1A,CMS1A2,CMS6"
1436650,acetylcholinesterase,1,43,ACHE,"ACEE,ARACHE,N-ACHE,YT"
1437145,ret,7,5979,RET,"CDHF12,CDHR16,HSCR1,MEN2A,MEN2B,MTC1,PTC,RET-ELE1"
1437145,ptc-1,5,5727,PTCH1,"BCNS,BCNS1,NBCCS,PTC,PTC1,PTCH"
1437145,ptc-2,5,8643,PTCH2,"P,T,C,2"
1437795,alpha 1-antitrypsin,8,5265,SERPINA1,"A1A,A1AT,AAT,PI,PI1,PRO2275,alpha1AT,nNIF"
1437795,a-1--at,2,5265,SERPINA1,"A1A,A1AT,AAT,PI,PI1,PRO2275,alpha1AT,nNIF"
1438294,galactokinase,6,2584,GALK1,"GALK,GK1,HEL-S-19"
1438294,gk2,2,2712,GK2,"GKP2,GKTA"
1438294,gal1,1,3956,LGALS1,"GAL1,GBP"
1438294,gk1,1,2584,GALK1,"GALK,GK1,HEL-S-19"
1439760,a beta,1,351,APP,"AAA,ABETA,ABPP,AD1,APPI,CTFgamma,CVAP,PN-II,PN2,alpha-sAPP,preA4"
1439810,microsomal triglyceride transfer protein,2,4547,MTTP,"ABL,MTP"
1439810,mtp,5,4547,MTTP,"ABL,MTP"
1440567,hla,3,3123,HLA-DRB1,"DRB1,HLA-DR1B,HLA-DRB,SS1"
1440567,drb1,9,3123,HLA-DRB1,"DRB1,HLA-DR1B,HLA-DRB,SS1"
1440567,dqa1,7,3117,HLA-DQA1,"CELIAC1,DQ-A1,DQA1,HLA-DQA,HLA-DQA1*,HLA-DQB1"
1440567,dqb1,6,3119,HLA-DQB1,"CELIAC1,HLA-DQB,IDDM1"
1440567,hla-drb1,1,3123,HLA-DRB1,"DRB1,HLA-DR1B,HLA-DRB,SS1"
1440567,dr5,1,8795,TNFRSF10B,"CD262,DR5,KILLER,KILLER/DR5,TRAIL-R2,TRAILR2,TRICK2,TRICK2A,TRICK2B,TRICKB,ZTNFR9"
1440568,hla-dqa1,2,3117,HLA-DQA1,"CELIAC1,DQ-A1,DQA1,HLA-DQA,HLA-DQA1*,HLA-DQB1"
1440568,dqb1,12,3119,HLA-DQB1,"CELIAC1,HLA-DQB,IDDM1"
1440568,drb1,10,3123,HLA-DRB1,"DRB1,HLA-DR1B,HLA-DRB,SS1"
1440568,dqa1,10,3117,HLA-DQA1,"CELIAC1,DQ-A1,DQA1,HLA-DQA,HLA-DQA1*,HLA-DQB1"
1440568,dr4,2,3126,HLA-DRB4,"DR4,DRB4,HLA-DR4B,HLA-DRB,HLA-DRB4*"
1440568,dr3,2,8718,TNFRSF25,"APO-3,DDR3,DR3,GEF720,LARD,PLEKHG5,TNFRSF12,TR3,TRAMP,WSL-1,WSL-LRgene_id"
1441675,alpha-1-antitrypsin,2,5265,SERPINA1,"A1A,A1AT,AAT,PI,PI1,PRO2275,alpha1AT,nNIF"
1441675,alpha 1-antitrypsin,2,5265,SERPINA1,"A1A,A1AT,AAT,PI,PI1,PRO2275,alpha1AT,nNIF"
1441675,alpha 1-at,34,5265,SERPINA1,"A1A,A1AT,AAT,PI,PI1,PRO2275,alpha1AT,nNIF"
1442714,leukocyte antigen (hla) dqa1,1,3117,HLA-DQA1,"CELIAC1,DQ-A1,DQA1,HLA-DQA,HLA-DQA1*,HLA-DQB1"
1442714,dqb1,2,3119,HLA-DQB1,"CELIAC1,HLA-DQB,IDDM1"
1442714,insulin,1,3630,INS,"IDDM,IDDM1,IDDM2,ILPR,IRDN,MODY10,PNDM4"
1444625,c3a,15,718,C3,"AHUS5,ARMD9,ASP,C3a,C3b,CPAMD1,HEL-S-62p"
1444625,c1-inhibitor,3,710,SERPING1,"C1IN,C1INH,C1NH,HAE1,HAE2"
1444625,c1inh,9,710,SERPING1,"C1IN,C1INH,C1NH,HAE1,HAE2"
1445805,tumor necrosis factor-alpha,1,7124,TNF,"DIF,TNF-alpha,TNFA,TNFSF2,TNLG1F"
1445805,tnf-alpha,1,7124,TNF,"DIF,TNF-alpha,TNFA,TNFSF2,TNLG1F"
1445805,il-6,1,3569,IL6,"BSF-2,BSF2,CDF,HGF,HSF,IFN-beta-2,IFNB2,IL-6"
1445805,transforming growth factor-beta,1,7124,TNF,"DIF,TNF-alpha,TNFA,TNFSF2,TNLG1F"
1445805,tgf-beta,1,7039,TGFA,"T,F,G,A"
1446625,calcitonin gene-related peptide,2,12310,Calca,"CA,CGRP-1,CGRP1,Calc,Calc1,Cgrp,Ct,Ctn"
1446625,cgrp,16,12310,Calca,"CA,CGRP-1,CGRP1,Calc,Calc1,Cgrp,Ct,Ctn"
1447574,agm1,1,3507,IGHM,"AGM1,MU,VH"
1449258,cd10,3,4311,MME,"CALLA,CD10,CMT2T,NEP,SCA43,SFE"
1449258,cd19,2,930,CD19,"B4,CVID3"
1449258,cd20,2,54474,KRT20,"CD20,CK-20,CK20,K20,KRT21"
1449258,cd21,1,1380,CR2,"C3DR,CD21,CR,CVID7,SLEB9"
1449258,cd22,2,933,CD22,"SIGLEC-2,SIGLEC2"
1449258,cd23,1,2208,FCER2,"BLAST-2,CD23,CD23A,CLEC4J,FCE2,FCErII,IGEBF"
1449258,cd38,3,952,CD38,"ADPRC 1,ADPRC1,cADPR1"
1449258,cd25,1,3669,ISG20,"CD25,HEM45"
1449258,cd30,1,943,TNFRSF8,"CD30,D1S166E,Ki-1"
1449258,cd71,1,7037,TFRC,"CD71,IMD46,T9,TFR,TFR1,TR,TRFR,p90"
1449258,cd1,1,911,CD1C,"BDCA1,CD1,CD1A,R7"
1449258,cd2,1,914,CD2,"LFA-2,SRBC,T11"
1449258,cd4,1,920,CD4,"CD4mut,IMD79,Leu-3,OKT4D,T4"
1449258,cd5,1,921,CD5,"LEU1,T1"
1449258,cd7,1,924,CD7,"GP40,LEU-9,TP41,Tp40"
1449258,cd8,1,925,CD8A,"CD8,CD8alpha,Leu2,p32"
1450460,cftr,1,1080,CFTR,"ABC35,ABCC7,CF,CFTR/MRP,MRP7,TNR-CFTR,dJ760C5.1"
1451338,cnf,5,4868,NPHS1,"CNF,NPHN,nephrin"
1451338,lpl,1,4023,LPL,"HDLCQ11,LIPD"
1453267,p53,4,7157,TP53,"BCC7,BMFS5,LFS1,P53,TRP53"
1453267,retinoblastoma (rb),1,5925,RB1,"OSRC,PPP1R130,RB,p105-Rb,p110-RB1,pRb,pp110"
1454059,nucleolin,5,4691,NCL,"C23,Nsr1"
1454059,histone h1,5,3005,H1-0,"H1.0,H10,H1F0,H1FV"
1454518,ercc3,5,39202,hay,"CG8019,DhR25,DhXPB,DmXPB,Dmel\CG8019,ERCC3,Hay,TFIIH,XPB,Xpb,Xpb/hay,hwr,i50,ms(3)nc2,nc2"
1454518,sd4,2,5658269,sd-4,None
1454518,sd2,1,5658271,sd-2,None
1455194,protein c,2,5624,PROC,"APC,PC,PROC1,THPH3,THPH4"
1457041,nf1,14,4763,NF1,"NFNS,VRNF,WSS"
1457041,neurofibromatosis type 1,2,4763,NF1,"NFNS,VRNF,WSS"
1457041,ira1,2,852437,IRA1,"GLC1,PPD1"
1457041,ira2,2,854073,IRA2,"CCS1,GLC4"
1457282,cd4,2,920,CD4,"CD4mut,IMD79,Leu-3,OKT4D,T4"
1457282,pm-scl,1,5394,EXOSC10,"PM-Scl,PM/Scl-100,PMSCL,PMSCL2,RRP6,Rrp6p,p2,p3,p4"
1457282,hla-dqb1,1,3119,HLA-DQB1,"CELIAC1,HLA-DQB,IDDM1"
1457282,interleukin-2,1,3558,IL2,"IL-2,TCGF,lymphokine"
1457282,interleukin-4,1,3565,IL4,"BCGF-1,BCGF1,BSF-1,BSF1,IL-4"
1457282,interleukin-6,1,3569,IL6,"BSF-2,BSF2,CDF,HGF,HSF,IFN-beta-2,IFNB2,IL-6"
1457282,transforming growth factor-beta,1,7124,TNF,"DIF,TNF-alpha,TNFA,TNFSF2,TNLG1F"
1457282,intercellular adhesion molecule 1,1,3383,ICAM1,"BB2,CD54,P3.58"
1457282,icam-1,3,3383,ICAM1,"BB2,CD54,P3.58"
1457282,lymphocyte function-associated antigen 1,1,3683,ITGAL,"CD11A,LFA-1,LFA1A"
1457282,endothelial leukocyte adhesion molecule 1,1,6401,SELE,"CD62E,ELAM,ELAM1,ESEL,LECAM2,selectin-e"
1457511,transforming growth factor-alpha,1,7124,TNF,"DIF,TNF-alpha,TNFA,TNFSF2,TNLG1F"
1457511,transforming growth factor-beta,1,7124,TNF,"DIF,TNF-alpha,TNFA,TNFSF2,TNLG1F"
1457511,tumor necrosis factor-alpha,4,7124,TNF,"DIF,TNF-alpha,TNFA,TNFSF2,TNLG1F"
1457511,interleukin-1,2,3552,IL1A,"IL-1 alpha,IL-1A,IL1,IL1-ALPHA,IL1F1"
1457511,interleukin-6,1,3569,IL6,"BSF-2,BSF2,CDF,HGF,HSF,IFN-beta-2,IFNB2,IL-6"
1457511,c-erb b-2,1,2064,ERBB2,"CD340,HER-2,HER-2/neu,HER2,MLN 19,MLN-19,NEU,NGL,TKR1,VSCN2,c-ERB-2,c-ERB2,p185(erbB2)"
1457511,her-2/neu,2,2064,ERBB2,"CD340,HER-2,HER-2/neu,HER2,MLN 19,MLN-19,NEU,NGL,TKR1,VSCN2,c-ERB-2,c-ERB2,p185(erbB2)"
1457511,p53,1,7157,TP53,"BCC7,BMFS5,LFS1,P53,TRP53"
1457511,epidermal growth factor receptor,1,1956,EGFR,"ERBB,ERBB1,ERRP,HER1,NISBD2,PIG61,mENA"
1457511,c-fms,1,1436,CSF1R,"BANDDOS,C-FMS,CD115,CSF-1R,CSFR,FIM2,FMS,GPSC,HDLS,HDLS1,M-CSF-R"
1457511,interferon-gamma,2,3458,IFNG,"IFG,IFI,IMD69"
1457511,interleukin-2,2,3558,IL2,"IL-2,TCGF,lymphokine"
1457747,interleukin-6,10,3569,IL6,"BSF-2,BSF2,CDF,HGF,HSF,IFN-beta-2,IFNB2,IL-6"
1457747,il-6,50,3569,IL6,"BSF-2,BSF2,CDF,HGF,HSF,IFN-beta-2,IFNB2,IL-6"
1458703,interleukin-6,1,3569,IL6,"BSF-2,BSF2,CDF,HGF,HSF,IFN-beta-2,IFNB2,IL-6"
1458703,interleukin 6,1,3569,IL6,"BSF-2,BSF2,CDF,HGF,HSF,IFN-beta-2,IFNB2,IL-6"
1458703,il-6,6,3569,IL6,"BSF-2,BSF2,CDF,HGF,HSF,IFN-beta-2,IFNB2,IL-6"
1458703,c reactive protein,1,1401,CRP,"P,T,X,1"
1458703,hgf,1,3082,HGF,"DFNB39,F-TCF,HGFB,HPTA,SF"
1459319,hla,3,3119,HLA-DQB1,"CELIAC1,HLA-DQB,IDDM1"
1459319,insulin,1,3630,INS,"IDDM,IDDM1,IDDM2,ILPR,IRDN,MODY10,PNDM4"
1459319,hla-dqb1,1,3119,HLA-DQB1,"CELIAC1,HLA-DQB,IDDM1"
1459319,dqa1,3,3117,HLA-DQA1,"CELIAC1,DQ-A1,DQA1,HLA-DQA,HLA-DQA1*,HLA-DQB1"
1459319,dqb1,5,3119,HLA-DQB1,"CELIAC1,HLA-DQB,IDDM1"
1461383,androgen receptor,6,367,AR,"AIS,AR8,DHTR,HUMARA,HYSP1,KD,NR3C4,SBMA,SMAX1,TFM"
1461383,sbma,6,367,AR,"AIS,AR8,DHTR,HUMARA,HYSP1,KD,NR3C4,SBMA,SMAX1,TFM"
1462123,interleukin-2,2,3558,IL2,"IL-2,TCGF,lymphokine"
1462123,interleukin-3,2,3562,IL3,"IL-3,MCGF,MULTI-CSF"
1462123,interleukin-4,2,3565,IL4,"BCGF-1,BCGF1,BSF-1,BSF1,IL-4"
1462123,interleukin-6,2,3569,IL6,"BSF-2,BSF2,CDF,HGF,HSF,IFN-beta-2,IFNB2,IL-6"
1462123,interferon-gamma,3,3458,IFNG,"IFG,IFI,IMD69"
1462123,cd25,2,3559,IL2RA,"CD25,IDDM10,IL2R,IMD41,TCGFR,p55"
1462123,c-myc,1,4609,MYC,"MRTL,MYCC,bHLHe39,c-Myc"
1462123,proto-oncogene c-myc,1,4609,MYC,"MRTL,MYCC,bHLHe39,c-Myc"
1463007,cytochrome b,3,4519,CYTB,"M,T,C,Y,B"
1463017,friedreich ataxia locus,1,2395,FXN,"CyaY,FA,FARR,FRDA,X25"
1463017,frda,2,2395,FXN,"CyaY,FA,FARR,FRDA,X25"
1463019,liver-type arginase,2,383,ARG1,None
1467311,p53,5,7157,TP53,"BCC7,BMFS5,LFS1,P53,TRP53"
1467486,interleukin-6,2,24498,Il6,"ILg6,Ifnb2"
1467486,il-6,4,3569,IL6,"BSF-2,BSF2,CDF,HGF,HSF,IFN-beta-2,IFNB2,IL-6"
1467486,il-1 beta,1,3552,IL1A,"IL-1 alpha,IL-1A,IL1,IL1-ALPHA,IL1F1"
1467486,tumor necrosis factor-alpha,1,7124,TNF,"DIF,TNF-alpha,TNFA,TNFSF2,TNLG1F"
1468776,p53,7,7157,TP53,"BCC7,BMFS5,LFS1,P53,TRP53"
1468776,neu,2,2064,ERBB2,"CD340,HER-2,HER-2/neu,HER2,MLN 19,MLN-19,NEU,NGL,TKR1,VSCN2,c-ERB-2,c-ERB2,p185(erbB2)"
1468776,estrogen receptor,1,2099,ESR1,"ER,ESR,ESRA,ESTRR,Era,NR3A1"
1468776,progesterone receptor,1,5241,PGR,"NR3C3,PR"
1469300,c4b,7,721,C4B,"C4B1,C4B12,C4B2,C4B3,C4B5,C4BD,C4B_2,C4F,CH,CO4,CPAMD3"
1469442,gfap,1,2670,GFAP,"A,L,X,D,R,D"
1469522,il-2r,6,3559,IL2RA,"CD25,IDDM10,IL2R,IMD41,TCGFR,p55"
1469522,cd4,5,920,CD4,"CD4mut,IMD79,Leu-3,OKT4D,T4"
1469522,cd8,5,925,CD8A,"CD8,CD8alpha,Leu2,p32"
1469522,iga,4,973,CD79A,"IGA,IGAlpha,MB-1,MB1"
1469522,interleukin 2 receptor,1,3559,IL2RA,"CD25,IDDM10,IL2R,IMD41,TCGFR,p55"
1469522,iga-aga,2,973,CD79A,"IGA,IGAlpha,MB-1,MB1"
1472458,androgen receptor,8,367,AR,"AIS,AR8,DHTR,HUMARA,HYSP1,KD,NR3C4,SBMA,SMAX1,TFM"
1472458,ar,24,367,AR,"AIS,AR8,DHTR,HUMARA,HYSP1,KD,NR3C4,SBMA,SMAX1,TFM"
1472458,psti,4,6690,SPINK1,"PCTT,PSTI,Spink3,TATI,TCP"
1472632,thyroglobulin,3,100857838,TG,None
1475034,dopamine d2 receptor,2,1813,DRD2,"D2DR,D2R"
1475034,drd2,1,1813,DRD2,"D2DR,D2R"
1477090,hla-drb1,1,3123,HLA-DRB1,"DRB1,HLA-DR1B,HLA-DRB,SS1"
1477090,hla,2,3123,HLA-DRB1,"DRB1,HLA-DR1B,HLA-DRB,SS1"
1477090,dr3,2,8718,TNFRSF25,"APO-3,DDR3,DR3,GEF720,LARD,PLEKHG5,TNFRSF12,TR3,TRAMP,WSL-1,WSL-LRgene_id"
1477090,dq2,2,1861,TOR1A,"AMC5,DQ2,DYT1"
1477090,dr4,2,3126,HLA-DRB4,"DR4,DRB4,HLA-DR4B,HLA-DRB,HLA-DRB4*"
1477090,dqa1,6,3117,HLA-DQA1,"CELIAC1,DQ-A1,DQA1,HLA-DQA,HLA-DQA1*,HLA-DQB1"
1477090,dqb1,6,3119,HLA-DQB1,"CELIAC1,HLA-DQB,IDDM1"
1477090,drb1,7,3123,HLA-DRB1,"DRB1,HLA-DR1B,HLA-DRB,SS1"
1477090,iddm,1,3630,INS,"IDDM,IDDM1,IDDM2,ILPR,IRDN,MODY10,PNDM4"
1478642,d2 dopamine receptor,3,1813,DRD2,"D2DR,D2R"
1478642,neural cell adhesion molecule,2,4684,NCAM1,"CD56,MSK39,NCAM"
1478642,drd2,5,1813,DRD2,"D2DR,D2R"
1478642,ncam,2,4684,NCAM1,"CD56,MSK39,NCAM"
1478642,apoai,1,335,APOA1,"HPALP2,apo(a)"
1478642,stmy,1,4314,MMP3,"CHDS6,MMP-3,SL-1,STMY,STMY1,STR1"
1480178,androgen receptor,2,367,AR,"AIS,AR8,DHTR,HUMARA,HYSP1,KD,NR3C4,SBMA,SMAX1,TFM"
1480178,ar,5,367,AR,"AIS,AR8,DHTR,HUMARA,HYSP1,KD,NR3C4,SBMA,SMAX1,TFM"
1481629,csf,3,1437,CSF2,"CSF,GMCSF"
1483312,interleukin-6,2,3569,IL6,"BSF-2,BSF2,CDF,HGF,HSF,IFN-beta-2,IFNB2,IL-6"
1483312,il-6,10,3569,IL6,"BSF-2,BSF2,CDF,HGF,HSF,IFN-beta-2,IFNB2,IL-6"
1484608,tumor necrosis factor-alpha,1,7124,TNF,"DIF,TNF-alpha,TNFA,TNFSF2,TNLG1F"
1484608,cachectin,1,7124,TNF,"DIF,TNF-alpha,TNFA,TNFSF2,TNLG1F"
1484608,tumor necrosis factor alpha,1,7124,TNF,"DIF,TNF-alpha,TNFA,TNFSF2,TNLG1F"
1484608,tnf-alpha,5,7124,TNF,"DIF,TNF-alpha,TNFA,TNFSF2,TNLG1F"
1485949,dqa1,1,3117,HLA-DQA1,"CELIAC1,DQ-A1,DQA1,HLA-DQA,HLA-DQA1*,HLA-DQB1"
1485949,dqb1,1,3119,HLA-DQB1,"CELIAC1,HLA-DQB,IDDM1"
1485949,cd4,4,920,CD4,"CD4mut,IMD79,Leu-3,OKT4D,T4"
1485950,dqa1,9,3117,HLA-DQA1,"CELIAC1,DQ-A1,DQA1,HLA-DQA,HLA-DQA1*,HLA-DQB1"
1485950,dqb1,9,3119,HLA-DQB1,"CELIAC1,HLA-DQB,IDDM1"
1485950,dr3,6,8718,TNFRSF25,"APO-3,DDR3,DR3,GEF720,LARD,PLEKHG5,TNFRSF12,TR3,TRAMP,WSL-1,WSL-LRgene_id"
1485950,dr4,6,3126,HLA-DRB4,"DR4,DRB4,HLA-DR4B,HLA-DRB,HLA-DRB4*"
1486691,interleukin 2,2,3558,IL2,"IL-2,TCGF,lymphokine"
1486691,il-2) receptor,2,3560,IL2RB,"CD122,IL15RB,IMD63,P70-75"
1486864,h-ras-1,4,3265,HRAS,"C-BAS/HAS,C-H-RAS,C-HA-RAS1,CTLO,H-RASIDX,HAMSV,HRAS1,RASH1,p21ras"
1486864,l-myc,3,4610,MYCL,"L-Myc,LMYC,MYCL1,bHLHe38"
1486864,p53,3,7157,TP53,"BCC7,BMFS5,LFS1,P53,TRP53"
1490631,gp 46,2,871,SERPINH1,"AsTP3,CBP1,CBP2,HSP47,OI10,PIG14,PPROM,RA-A47,SERPINH2,gp46"
1491459,carbonic anhydrase ii,1,760,CA2,"CA-II,CAC,CAII,Car2,HEL-76,HEL-S-282"
1491459,ca ii,2,760,CA2,"CA-II,CAC,CAII,Car2,HEL-76,HEL-S-282"
1491459,oculocerebrorenal syndrome of lowe,1,4952,OCRL,"DENT2,Dent-2,INPP5F,LOCR,NPHL2,OCRL-1,OCRL1"
1491459,ocrl,4,4952,OCRL,"DENT2,Dent-2,INPP5F,LOCR,NPHL2,OCRL-1,OCRL1"
1491483,osteocalcin,1,632,BGLAP,"BGP,OC,OCN"
1492799,aldh2,24,217,ALDH2,"ALDH-E2,ALDHI,ALDM"
1493370,thyroglobulin,2,7038,TG,"AITD3,TGN"
1498097,il-4,9,3565,IL4,"BCGF-1,BCGF1,BSF-1,BSF1,IL-4"
1498097,il-2,6,3558,IL2,"IL-2,TCGF,lymphokine"
1498097,ifn-gamma,7,3458,IFNG,"IFG,IFI,IMD69"
1498097,tnf-alpha,4,7124,TNF,"DIF,TNF-alpha,TNFA,TNFSF2,TNLG1F"
1498097,ige,5,3497,IGHE,"I,g,E"
1498561,albumin,1,213,ALB,"FDAHT,HSA,PRO0883,PRO0903,PRO1341"
1498561,transferrin,1,7018,TF,"HEL-S-71p,PRO1557,PRO2086,TFQTL1"
1505982,an2,4,5080,PAX6,"AN,AN1,AN2,ASGD5,D11S812E,FVH1,MGDA,WAGR"
1505982,acid phosphatase-1,2,52,ACP1,"HAAP,LMW-PTP,LMWPTP"
1505982,acp1,4,52,ACP1,"HAAP,LMW-PTP,LMWPTP"
1505982,apob,2,338,APOB,"FCHL2,FLDB,LDLCQ4,apoB-100,apoB-48"
1511156,p53,4,7157,TP53,"BCC7,BMFS5,LFS1,P53,TRP53"
1512827,interleukin-6,27,3569,IL6,"BSF-2,BSF2,CDF,HGF,HSF,IFN-beta-2,IFNB2,IL-6"
1513460,androgen receptor,4,367,AR,"AIS,AR8,DHTR,HUMARA,HYSP1,KD,NR3C4,SBMA,SMAX1,TFM"
1513460,sbma,4,367,AR,"AIS,AR8,DHTR,HUMARA,HYSP1,KD,NR3C4,SBMA,SMAX1,TFM"
1513460,ar,4,367,AR,"AIS,AR8,DHTR,HUMARA,HYSP1,KD,NR3C4,SBMA,SMAX1,TFM"
1515089,cathepsin b,1,1508,CTSB,"APPS,CPSB,KWE,RECEUP"
1515089,cat b,3,1508,CTSB,"APPS,CPSB,KWE,RECEUP"
1515089,cat l,3,1514,CTSL,"CATL,CTSL1,MEP"
1515089,cathepsin d,1,1509,CTSD,"CLN10,CPSD,HEL-S-130P"
1516030,p53,2,7157,TP53,"BCC7,BMFS5,LFS1,P53,TRP53"
1516297,cbl,2,867,CBL,"C-CBL,CBL2,FRA11B,NSLL,RNF55"
1516297,cblc,4,23624,CBLC,"CBL-3,CBL-SL,RNF57"
1516297,cbld,4,27249,MMADHC,"C2orf25,CL25022,cblD"
1516297,cble,4,4552,MTRR,"MSR,cblE"
1516297,methionine synthase,2,4548,MTR,"HMAG,MS,cblG"
1517579,ifn-gamma,6,15978,Ifng,"IFN-g,If2f,Ifg"
1517579,cd4,2,12504,Cd4,"L3T4,Ly-4"
1517763,hmsn i and hmsn ii,1,23095,KIF1B,"CMT2,CMT2A,CMT2A1,HMSNII,KLP,NBLST1"
1517763,cmt 1,3,4359,MPZ,"CHM,CHN2,CMT1,CMT1B,CMT2I,CMT2J,CMT4E,CMTDI3,CMTDID,DSS,HMSNIB,MPP,P0"
1517763,cmt 2,1,23095,KIF1B,"CMT2,CMT2A,CMT2A1,HMSNII,KLP,NBLST1"
1518181,interleukin-6,2,3569,IL6,"BSF-2,BSF2,CDF,HGF,HSF,IFN-beta-2,IFNB2,IL-6"
1518181,il-6,9,3569,IL6,"BSF-2,BSF2,CDF,HGF,HSF,IFN-beta-2,IFNB2,IL-6"
1518181,c-reactive protein,1,1401,CRP,"P,T,X,1"
1518181,crp,3,1401,CRP,"P,T,X,1"
1519492,p53,1,7157,TP53,"BCC7,BMFS5,LFS1,P53,TRP53"
1525248,alpha 1-antiproteinase,15,5265,SERPINA1,"A1A,A1AT,AAT,PI,PI1,PRO2275,alpha1AT,nNIF"
1525624,cartilage oligomeric matrix protein,2,1311,COMP,"CTS2,EDM1,EPD1,MED,PSACH,THBS5,TSP-5,TSP5"
1525624,comp,4,1311,COMP,"CTS2,EDM1,EPD1,MED,PSACH,THBS5,TSP-5,TSP5"
1525830,p53,16,7157,TP53,"BCC7,BMFS5,LFS1,P53,TRP53"
1527053,nerve growth factor,2,4803,NGF,"Beta-NGF,HSAN5,NGFB"
1527053,ngf,17,4803,NGF,"Beta-NGF,HSAN5,NGFB"
1528013,ocrl,3,4952,OCRL,"DENT2,Dent-2,INPP5F,LOCR,NPHL2,OCRL-1,OCRL1"
1528363,igg3,1,3502,IGHG3,"I,g,G,3"
1530443,antithrombin iii,1,462,SERPINC1,"AT3,AT3D,ATIII,ATIII-R2,ATIII-T1,ATIII-T2,THPH7"
1530862,thyroglobulin,6,21819,Tg,"Tgn,cog"
1531188,il-6,18,3569,IL6,"BSF-2,BSF2,CDF,HGF,HSF,IFN-beta-2,IFNB2,IL-6"
1531188,cd14,2,929,CD14,None
1532632,beta-hexosaminidase,2,10724,OGA,"MEA5,MGEA5,NCOAT"
1532910,hexb,8,3074,HEXB,"ENC-1AS,HEL-248,HEL-S-111"
1532910,beta-hexosaminidase,2,10724,OGA,"MEA5,MGEA5,NCOAT"
1532910,hexa,4,3073,HEXA,"T,S,D"
1533481,vasopressin,6,551,AVP,"ADH,ARVP,AVP-NPII,AVRP,VP"
1533481,acth,1,5443,POMC,"ACTH,CLIP,LPH,MSH,NPP,OBAIRH,POC"
1534143,p300,8,2033,EP300,"KAT3B,MKHK2,RSTS2,p300"
1534143,p107,1,5933,RBL1,"CP107,PRB1,p107"
1534143,nf-kappa b,1,4790,NFKB1,"CVID12,EBP-1,KBF1,NF-kB,NF-kB1,NF-kappa-B1,NF-kappaB,NF-kappabeta,NFKB-p105,NFKB-p50,NFkappaB"
1536179,cftr,4,1080,CFTR,"ABC35,ABCC7,CF,CFTR/MRP,MRP7,TNR-CFTR,dJ760C5.1"
1536179,cystic fibrosis transmembrane conductance regulator,1,1080,CFTR,"ABC35,ABCC7,CF,CFTR/MRP,MRP7,TNR-CFTR,dJ760C5.1"
1536955,"neurofibromatosis, type 1",2,4763,NF1,"NFNS,VRNF,WSS"
1536955,nf-1,11,4763,NF1,"NFNS,VRNF,WSS"
1537354,cblc,2,23624,CBLC,"CBL-3,CBL-SL,RNF57"
1537617,p53,48,7157,TP53,"BCC7,BMFS5,LFS1,P53,TRP53"
1537617,c-erbb-2,3,2064,ERBB2,"CD340,HER-2,HER-2/neu,HER2,MLN 19,MLN-19,NEU,NGL,TKR1,VSCN2,c-ERB-2,c-ERB2,p185(erbB2)"
1540977,il-2,18,3558,IL2,"IL-2,TCGF,lymphokine"
1540977,il-6,16,3569,IL6,"BSF-2,BSF2,CDF,HGF,HSF,IFN-beta-2,IFNB2,IL-6"
1540977,tnf alpha,6,7124,TNF,"DIF,TNF-alpha,TNFA,TNFSF2,TNLG1F"
1540977,interferon gamma,2,3458,IFNG,"IFG,IFI,IMD69"
1540977,ifn gamma,4,3458,IFNG,"IFG,IFI,IMD69"
1542282,alpha-1-antitrypsin,9,5265,SERPINA1,"A1A,A1AT,AAT,PI,PI1,PRO2275,alpha1AT,nNIF"
1542282,c-reactive protein,3,1401,CRP,"P,T,X,1"
1542282,crp,9,1401,CRP,"P,T,X,1"
1542282,albumin,6,213,ALB,"FDAHT,HSA,PRO0883,PRO0903,PRO1341"
1542282,a1at,9,5265,SERPINA1,"A1A,A1AT,AAT,PI,PI1,PRO2275,alpha1AT,nNIF"
1542282,antithrombin iii,3,462,SERPINC1,"AT3,AT3D,ATIII,ATIII-R2,ATIII-T1,ATIII-T2,THPH7"
1542282,fibrinogen,6,2244,FGB,"H,E,L,-,S,-,7,8,p"
1542282,viii,6,1351,COX8A,"COX,COX8,COX8-2,COX8L,MC4DN15,VIII,VIII-L"
1544169,il6,15,3569,IL6,"BSF-2,BSF2,CDF,HGF,HSF,IFN-beta-2,IFNB2,IL-6"
1544169,interferon-gamma,6,3458,IFNG,"IFG,IFI,IMD69"
1544169,interleukin 6,3,3569,IL6,"BSF-2,BSF2,CDF,HGF,HSF,IFN-beta-2,IFNB2,IL-6"
1545831,cftr,1,1080,CFTR,"ABC35,ABCC7,CF,CFTR/MRP,MRP7,TNR-CFTR,dJ760C5.1"
1546902,interleukin-2,3,16183,Il2,"I,l,-,2"
1546902,il-2,4,16183,Il2,"I,l,-,2"
1548146,dqb,1,3119,HLA-DQB1,"CELIAC1,HLA-DQB,IDDM1"
1548146,dqa1,4,3117,HLA-DQA1,"CELIAC1,DQ-A1,DQA1,HLA-DQA,HLA-DQA1*,HLA-DQB1"
1548146,dqb1,4,3119,HLA-DQB1,"CELIAC1,HLA-DQB,IDDM1"
1548146,dr3,1,8718,TNFRSF25,"APO-3,DDR3,DR3,GEF720,LARD,PLEKHG5,TNFRSF12,TR3,TRAMP,WSL-1,WSL-LRgene_id"
1548146,dr4,1,3126,HLA-DRB4,"DR4,DRB4,HLA-DR4B,HLA-DRB,HLA-DRB4*"
1550404,interleukin 6,3,3569,IL6,"BSF-2,BSF2,CDF,HGF,HSF,IFN-beta-2,IFNB2,IL-6"
1550404,il-6,8,3569,IL6,"BSF-2,BSF2,CDF,HGF,HSF,IFN-beta-2,IFNB2,IL-6"
1550404,il-1,3,3552,IL1A,"IL-1 alpha,IL-1A,IL1,IL1-ALPHA,IL1F1"
1550404,insulin,1,3630,INS,"IDDM,IDDM1,IDDM2,ILPR,IRDN,MODY10,PNDM4"
1550412,dr1,1,1810,DR1,"NC2,NC2-BETA,NC2B,NCB2"
1550412,c4b,1,721,C4B,"C4B1,C4B12,C4B2,C4B3,C4B5,C4BD,C4B_2,C4F,CH,CO4,CPAMD3"
1550446,insulin,4,3630,INS,"IDDM,IDDM1,IDDM2,ILPR,IRDN,MODY10,PNDM4"
1550446,dr3,2,8718,TNFRSF25,"APO-3,DDR3,DR3,GEF720,LARD,PLEKHG5,TNFRSF12,TR3,TRAMP,WSL-1,WSL-LRgene_id"
1550446,dr4,2,3126,HLA-DRB4,"DR4,DRB4,HLA-DR4B,HLA-DRB,HLA-DRB4*"
1553789,ki-ras,12,3845,KRAS,"'C-K-RAS,C-K-RAS,CFC2,K-RAS2A,K-RAS2B,K-RAS4A,K-RAS4B,K-Ras,K-Ras 2,KI-RAS,KRAS1,KRAS2,NS,NS3,OES,RALD,RASK2,c-Ki-ras,c-Ki-ras2"
1553789,n-ras,4,4893,NRAS,"ALPS4,CMNS,KRAS,N-ras,NCMS,NRAS1,NS6"
1554358,interleukin-2,2,3558,IL2,"IL-2,TCGF,lymphokine"
1554358,il-2,10,3558,IL2,"IL-2,TCGF,lymphokine"
1554414,ki-ras,6,16653,Kras,"K-Ras,K-Ras 2,K-ras,Ki-ras,Kras-2,Kras2,c-K-ras,c-Ki-ras,p21B,ras"
1554414,gas-3,6,18858,Pmp22,"Gas-3,HNPP,PMP-22,TRE002,Tr,trembler"
1556182,hla-dqb1,2,3119,HLA-DQB1,"CELIAC1,HLA-DQB,IDDM1"
1556182,hla,2,3119,HLA-DQB1,"CELIAC1,HLA-DQB,IDDM1"
1556182,dr4,2,3126,HLA-DRB4,"DR4,DRB4,HLA-DR4B,HLA-DRB,HLA-DRB4*"
1556182,dr5,1,8795,TNFRSF10B,"CD262,DR5,KILLER,KILLER/DR5,TRAIL-R2,TRAILR2,TRICK2,TRICK2A,TRICK2B,TRICKB,ZTNFR9"
1556182,dr1,1,1810,DR1,"NC2,NC2-BETA,NC2B,NCB2"
1556182,dqb1,3,3119,HLA-DQB1,"CELIAC1,HLA-DQB,IDDM1"
1556695,interleukin 6,2,3569,IL6,"BSF-2,BSF2,CDF,HGF,HSF,IFN-beta-2,IFNB2,IL-6"
1556695,il-6,3,3569,IL6,"BSF-2,BSF2,CDF,HGF,HSF,IFN-beta-2,IFNB2,IL-6"
1556702,interleukin 6,2,3569,IL6,"BSF-2,BSF2,CDF,HGF,HSF,IFN-beta-2,IFNB2,IL-6"
1556702,il-6,7,3569,IL6,"BSF-2,BSF2,CDF,HGF,HSF,IFN-beta-2,IFNB2,IL-6"
1556702,c-reactive protein,1,1401,CRP,"P,T,X,1"
1556897,tumor necrosis factor,2,7124,TNF,"DIF,TNF-alpha,TNFA,TNFSF2,TNLG1F"
1556897,tnf,4,7124,TNF,"DIF,TNF-alpha,TNFA,TNFSF2,TNLG1F"
1556897,tnf alpha,1,7124,TNF,"DIF,TNF-alpha,TNFA,TNFSF2,TNLG1F"
1557756,p53,4,7157,TP53,"BCC7,BMFS5,LFS1,P53,TRP53"
1559236,p53,12,7157,TP53,"BCC7,BMFS5,LFS1,P53,TRP53"
1563831,myc,2,4609,MYC,"MRTL,MYCC,bHLHe39,c-Myc"
1563831,l-myc,5,4610,MYCL,"L-Myc,LMYC,MYCL1,bHLHe38"
1563831,c-myc,10,24577,Myc,"RNCMYC,c-myc,mMyc"
1563831,n-myc,2,4613,MYCN,"MODED,MYCNsORF,MYCNsPEP,N-myc,NMYC,ODED,bHLHe37"
1564938,tumor necrosis factor,2,7124,TNF,"DIF,TNF-alpha,TNFA,TNFSF2,TNLG1F"
1564938,tnf,10,7124,TNF,"DIF,TNF-alpha,TNFA,TNFSF2,TNLG1F"
1564938,interleukin (il) 1 alpha,1,3552,IL1A,"IL-1 alpha,IL-1A,IL1,IL1-ALPHA,IL1F1"
1564938,il-1 beta,1,3552,IL1A,"IL-1 alpha,IL-1A,IL1,IL1-ALPHA,IL1F1"
1564938,il-2,2,3558,IL2,"IL-2,TCGF,lymphokine"
1564938,il-3,1,3562,IL3,"IL-3,MCGF,MULTI-CSF"
1564938,il-4,1,3565,IL4,"BCGF-1,BCGF1,BSF-1,BSF1,IL-4"
1564938,il-5,1,3567,IL5,"EDF,IL-5,TRF"
1564938,il-6,1,3569,IL6,"BSF-2,BSF2,CDF,HGF,HSF,IFN-beta-2,IFNB2,IL-6"
1564938,gm-csf,1,1437,CSF2,"CSF,GMCSF"
1565143,p53,6,7157,TP53,"BCC7,BMFS5,LFS1,P53,TRP53"
1565247,hla-dqb1,6,3119,HLA-DQB1,"CELIAC1,HLA-DQB,IDDM1"
1565247,dqb1,24,3119,HLA-DQB1,"CELIAC1,HLA-DQB,IDDM1"
1565247,dqb,2,3119,HLA-DQB1,"CELIAC1,HLA-DQB,IDDM1"
1565469,p53,56,7157,TP53,"BCC7,BMFS5,LFS1,P53,TRP53"
1567185,rb1,18,5925,RB1,"OSRC,PPP1R130,RB,p105-Rb,p110-RB1,pRb,pp110"
1567185,p53,21,7157,TP53,"BCC7,BMFS5,LFS1,P53,TRP53"
1567185,p21,6,644914,H3P16,"H3.6,H3F3AP6,p21"
1569122,p53,9,7157,TP53,"BCC7,BMFS5,LFS1,P53,TRP53"
1569192,factor xa,2,2159,F10,"FX,FXA"
1569192,thrombin,2,2147,F2,"PT,RPRGL2,THPH1"
1569192,alpha 1-antitrypsin,1,5265,SERPINA1,"A1A,A1AT,AAT,PI,PI1,PRO2275,alpha1AT,nNIF"
1569192,alpha 1-at,5,5265,SERPINA1,"A1A,A1AT,AAT,PI,PI1,PRO2275,alpha1AT,nNIF"
1569192,antithrombin iii,1,462,SERPINC1,"AT3,AT3D,ATIII,ATIII-R2,ATIII-T1,ATIII-T2,THPH7"
1569604,p53,30,7157,TP53,"BCC7,BMFS5,LFS1,P53,TRP53"
1570151,p53,12,7157,TP53,"BCC7,BMFS5,LFS1,P53,TRP53"
1570743,thyroglobulin,1,7038,TG,"AITD3,TGN"
1571407,interferon (ifn)-alpha,1,3440,IFNA2,"IFN-alpha-2,IFN-alphaA,IFNA,IFNA2B,leIF A"
1571407,ifn-alpha 2b,1,3440,IFNA2,"IFN-alpha-2,IFN-alphaA,IFNA,IFNA2B,leIF A"
1572693,interleukin-6,1,3569,IL6,"BSF-2,BSF2,CDF,HGF,HSF,IFN-beta-2,IFNB2,IL-6"
1572693,il-6,1,3569,IL6,"BSF-2,BSF2,CDF,HGF,HSF,IFN-beta-2,IFNB2,IL-6"
1572693,tnf-alpha,2,7124,TNF,"DIF,TNF-alpha,TNFA,TNFSF2,TNLG1F"
1572693,interferon-gamma,1,3458,IFNG,"IFG,IFI,IMD69"
1572693,ifn-gamma,2,3458,IFNG,"IFG,IFI,IMD69"
1575548,tnf-alpha,20,7124,TNF,"DIF,TNF-alpha,TNFA,TNFSF2,TNLG1F"
1577950,tumor necrosis factor-alpha,2,7124,TNF,"DIF,TNF-alpha,TNFA,TNFSF2,TNLG1F"
1577950,tnf-alpha,6,7124,TNF,"DIF,TNF-alpha,TNFA,TNFSF2,TNLG1F"
1577950,albumin,2,213,ALB,"FDAHT,HSA,PRO0883,PRO0903,PRO1341"
1578514,amyloid precursor protein,2,351,APP,"AAA,ABETA,ABPP,AD1,APPI,CTFgamma,CVAP,PN-II,PN2,alpha-sAPP,preA4"
1581912,p53,42,7157,TP53,"BCC7,BMFS5,LFS1,P53,TRP53"
1582509,ki-ras,1,3845,KRAS,"'C-K-RAS,C-K-RAS,CFC2,K-RAS2A,K-RAS2B,K-RAS4A,K-RAS4B,K-Ras,K-Ras 2,KI-RAS,KRAS1,KRAS2,NS,NS3,OES,RALD,RASK2,c-Ki-ras,c-Ki-ras2"
1582509,p21,1,644914,H3P16,"H3.6,H3F3AP6,p21"
1582608,alpha 1 antitrypsin,1,5265,SERPINA1,"A1A,A1AT,AAT,PI,PI1,PRO2275,alpha1AT,nNIF"
1586628,p53,1,7157,TP53,"BCC7,BMFS5,LFS1,P53,TRP53"
1586628,epidermal growth factor receptor,1,1956,EGFR,"ERBB,ERBB1,ERRP,HER1,NISBD2,PIG61,mENA"
1587536,p53,24,7157,TP53,"BCC7,BMFS5,LFS1,P53,TRP53"
1589758,sbma,4,367,AR,"AIS,AR8,DHTR,HUMARA,HYSP1,KD,NR3C4,SBMA,SMAX1,TFM"
1591284,p53,1,22060,Trp53-ps,None
1591284,nf-1,1,18015,Nf1,"Dsk9,E030030H24Rik,Mhdadsk9,Nf-1"
1591732,tp53,4,7157,TP53,"BCC7,BMFS5,LFS1,P53,TRP53"
1592883,transthyretin,4,7276,TTR,"ATTR,CTS,CTS1,HEL111,HsT2651,PALB,TBPA,TTN"
1592883,insulin,4,3630,INS,"IDDM,IDDM1,IDDM2,ILPR,IRDN,MODY10,PNDM4"
1592883,ttr,16,7276,TTR,"ATTR,CTS,CTS1,HEL111,HsT2651,PALB,TBPA,TTN"
1592883,glucagon,2,2641,GCG,"GLP-1,GLP1,GLP2,GRPP"
1593647,p53,1,7157,TP53,"BCC7,BMFS5,LFS1,P53,TRP53"
1598026,glial fibrillary acidic protein,8,2670,GFAP,"A,L,X,D,R,D"
1598026,gfap,24,2670,GFAP,"A,L,X,D,R,D"
1598026,interleukin 2,4,3558,IL2,"IL-2,TCGF,lymphokine"
1598026,il-2,12,3558,IL2,"IL-2,TCGF,lymphokine"
1601008,igg3,3,3502,IGHG3,"I,g,G,3"
1601643,interleukin-6,2,3569,IL6,"BSF-2,BSF2,CDF,HGF,HSF,IFN-beta-2,IFNB2,IL-6"
1601643,tumor necrosis factor-alpha,2,7124,TNF,"DIF,TNF-alpha,TNFA,TNFSF2,TNLG1F"
1601643,interferon-gamma,1,3458,IFNG,"IFG,IFI,IMD69"
1601643,tnf alpha,6,7124,TNF,"DIF,TNF-alpha,TNFA,TNFSF2,TNLG1F"
1601643,il-6,8,3569,IL6,"BSF-2,BSF2,CDF,HGF,HSF,IFN-beta-2,IFNB2,IL-6"
1601643,il-1 beta,1,3552,IL1A,"IL-1 alpha,IL-1A,IL1,IL1-ALPHA,IL1F1"
1601643,interleukin-1 beta,1,3553,IL1B,"IL-1,IL1-BETA,IL1F2,IL1beta"
1602292,interleukin 6,3,3569,IL6,"BSF-2,BSF2,CDF,HGF,HSF,IFN-beta-2,IFNB2,IL-6"
1602292,tcii,12,6948,TCN2,"D22S676,D22S750,II,TC,TC II,TC-2,TC2,TCII"
1602292,tci and iii,3,6947,TCN1,"HC,TC-1,TC1,TCI"
1602292,tnf,9,7124,TNF,"DIF,TNF-alpha,TNFA,TNFSF2,TNLG1F"
1602292,interleukin-6,3,3569,IL6,"BSF-2,BSF2,CDF,HGF,HSF,IFN-beta-2,IFNB2,IL-6"
1602292,il6,9,3569,IL6,"BSF-2,BSF2,CDF,HGF,HSF,IFN-beta-2,IFNB2,IL-6"
1604230,hla b27,2,3106,HLA-B,"AS,B-4901,HLAB"
1609264,neutrophil elastase,3,1991,ELANE,"ELA2,GE,HLE,HNE,NE,PMN-E,SCN1"
1611773,succinate dehydrogenase,1,6390,SDHB,"CWS2,IP,MC2DN4,PGL4,SDH,SDH1,SDH2,SDHIP"
1611773,sdh,2,6390,SDHB,"CWS2,IP,MC2DN4,PGL4,SDH,SDH1,SDH2,SDHIP"
1614874,interferon-alpha,1,111654,Ifna,"Ifa,Ifa8"
1614874,irf-1,12,16362,Irf1,"I,r,f,-,1"
1614874,interferon-alpha 4,1,15967,Ifna4,"If1ai13,Ifa4"
1614874,ifn-alpha 4,1,15967,Ifna4,"If1ai13,Ifa4"
1614874,ifn-alpha 6,1,15969,Ifna6,"IFN-alpha-6,IFN-alpha-8,IFNa8/6,If1ai11,Ifa6,Ifa8,Ifna8"
1614874,alpha f1,4,19185,Psmd4,"Af1,Mcb1,angiocidin"
1614874,interferon regulatory factor 1,1,16362,Irf1,"I,r,f,-,1"
1614874,ifn-alpha,3,111654,Ifna,"Ifa,Ifa8"
1614874,interferon stimulated (isg)-15,1,100038882,Isg15,"G1p2,IGI15,IP17,Irfp,UCRP"
1617667,p53,6,7157,TP53,"BCC7,BMFS5,LFS1,P53,TRP53"
1617667,progesterone receptor,2,5241,PGR,"NR3C3,PR"
1621480,growth hormone,7,2688,GH1,"GH,GH-N,GHB5,GHN,IGHD1A,IGHD1B,IGHD2,hGH-N"
1621480,somatotropin,1,2688,GH1,"GH,GH-N,GHB5,GHN,IGHD1A,IGHD1B,IGHD2,hGH-N"
1621480,igf-1,1,3479,IGF1,"IGF,IGF-I,IGFI,MGF"
1621480,igf-2,1,3481,IGF2,"C11orf43,GRDF,IGF-II,PP9974,SRS3"
1621480,igf-binding protein-1,1,3484,IGFBP1,"AFBP,IBP1,IGF-BP25,PP12,hIGFBP-1"
1622424,interleukin-6,1,3569,IL6,"BSF-2,BSF2,CDF,HGF,HSF,IFN-beta-2,IFNB2,IL-6"
1622629,p53,1,7157,TP53,"BCC7,BMFS5,LFS1,P53,TRP53"
1624772,tfm,16,11835,Ar,"T,f,m"
1624772,androgen receptor,2,11835,Ar,"T,f,m"
1624772,ta,2,13607,Eda,"EDA1,Ed1,Eda-A1,Eda-A2,HED,Ta,Tnlg7c,XLHED,tabby"
1624772,tabby,2,13607,Eda,"EDA1,Ed1,Eda-A1,Eda-A2,HED,Ta,Tnlg7c,XLHED,tabby"
1628431,sca1,12,6310,ATXN1,"ATX1,D6S504E,SCA1"
1628450,tumor necrosis factor alpha,1,7124,TNF,"DIF,TNF-alpha,TNFA,TNFSF2,TNLG1F"
1628450,tnf alpha,2,7124,TNF,"DIF,TNF-alpha,TNFA,TNFSF2,TNLG1F"
1628450,interleukin-1 alpha,1,3552,IL1A,"IL-1 alpha,IL-1A,IL1,IL1-ALPHA,IL1F1"
1628450,il-1 alpha,2,3552,IL1A,"IL-1 alpha,IL-1A,IL1,IL1-ALPHA,IL1F1"
1628450,interleukin-1 beta,1,3553,IL1B,"IL-1,IL1-BETA,IL1F2,IL1beta"
1628450,il-1 beta,2,3552,IL1A,"IL-1 alpha,IL-1A,IL1,IL1-ALPHA,IL1F1"
1628450,interleukin-6,1,3569,IL6,"BSF-2,BSF2,CDF,HGF,HSF,IFN-beta-2,IFNB2,IL-6"
1628450,il-6,2,3569,IL6,"BSF-2,BSF2,CDF,HGF,HSF,IFN-beta-2,IFNB2,IL-6"
1630052,alpha 1 protease inhibitor,4,5265,SERPINA1,"A1A,A1AT,AAT,PI,PI1,PRO2275,alpha1AT,nNIF"
1630052,il-1,4,3552,IL1A,"IL-1 alpha,IL-1A,IL1,IL1-ALPHA,IL1F1"
1630052,tnf alpha,4,7124,TNF,"DIF,TNF-alpha,TNFA,TNFSF2,TNLG1F"
1630052,interleukin-1 alpha,2,3552,IL1A,"IL-1 alpha,IL-1A,IL1,IL1-ALPHA,IL1F1"
1630052,il-1 alpha,4,3552,IL1A,"IL-1 alpha,IL-1A,IL1,IL1-ALPHA,IL1F1"
1630052,il-1 beta,4,3552,IL1A,"IL-1 alpha,IL-1A,IL1,IL1-ALPHA,IL1F1"
1630052,tumor necrosis factor alpha,2,7124,TNF,"DIF,TNF-alpha,TNFA,TNFSF2,TNLG1F"
1630052,tnf,2,7124,TNF,"DIF,TNF-alpha,TNFA,TNFSF2,TNLG1F"
1631137,p53,9,7157,TP53,"BCC7,BMFS5,LFS1,P53,TRP53"
1632191,tfm,18,11835,Ar,"T,f,m"
1634229,sphingolipid activator protein 1,2,5660,PSAP,"GLBA,PARK24,PSAPD,SAP1,SAP2"
1634229,sap-1,8,5660,PSAP,"GLBA,PARK24,PSAPD,SAP1,SAP2"
1634229,prosaposin,4,5660,PSAP,"GLBA,PARK24,PSAPD,SAP1,SAP2"
1634353,nd4,2,4538,ND4,"M,T,N,D,4"
1634763,il-1 beta,1,16175,Il1a,"I,l,-,1,a"
1634763,cd4,1,12504,Cd4,"L3T4,Ly-4"
1634763,ril-1 beta,10,24493,Il1a,"IL-1 alpha,IL-1F1"
1634763,il-6,3,16193,Il6,"I,l,-,6"
1634763,ril-2,1,116562,Il2,None
1635296,nd4,4,4538,ND4,"M,T,N,D,4"
1635670,amyloid precursor protein,1,351,APP,"AAA,ABETA,ABPP,AD1,APPI,CTFgamma,CVAP,PN-II,PN2,alpha-sAPP,preA4"
1635670,beta amyloid precursor protein,1,351,APP,"AAA,ABETA,ABPP,AD1,APPI,CTFgamma,CVAP,PN-II,PN2,alpha-sAPP,preA4"
1637886,interleukin-6,1,3569,IL6,"BSF-2,BSF2,CDF,HGF,HSF,IFN-beta-2,IFNB2,IL-6"
1637893,spam,1,346007,EYS,"C6orf178,C6orf179,C6orf180,EGFL10,EGFL11,RP25,SPAM,bA166P24.2,bA307F22.3,bA74E24.1,dJ1018A4.2,dJ22I17.2,dJ303F19.1"
1638632,alpha n-catenin,6,1496,CTNNA2,"CAP-R,CAPR,CDCBM9,CT114,CTNR"
1638632,n-cadherin,1,1000,CDH2,"ACOGS,ADHD8,ARVD14,CD325,CDHN,CDw325,NCAD"
1638632,e-cadherin,2,999,CDH1,"Arc-1,BCDS1,CD324,CDHE,ECAD,LCAM,UVO"
1638632,beta-catenin,1,1499,CTNNB1,"CTNNB,EVR7,MRD19,NEDSDV,armadillo"
1639411,tsc1,1,7248,TSC1,"LAM,TSC"
1639411,dyt1,1,1861,TOR1A,"AMC5,DQ2,DYT1"
1639411,ak1,1,203,AK1,"H,T,L,-,S,-,5,8,j"
1639411,abo,1,28,ABO,"A3GALNT,A3GALT1,GTB,NAGAT"
1641053,vddr,1,1594,CYP27B1,"CP2B,CYP1,CYP1alpha,CYP27B,P450c1,PDDR,VDD1,VDDR,VDDRI,VDR"
1641148,glucagon,5,2641,GCG,"GLP-1,GLP1,GLP2,GRPP"
1641148,insulin,2,3630,INS,"IDDM,IDDM1,IDDM2,ILPR,IRDN,MODY10,PNDM4"
1642448,alpha 1-antitrypsin,1,5265,SERPINA1,"A1A,A1AT,AAT,PI,PI1,PRO2275,alpha1AT,nNIF"
1643291,interleukin-6,2,3569,IL6,"BSF-2,BSF2,CDF,HGF,HSF,IFN-beta-2,IFNB2,IL-6"
1643291,il-6,5,3569,IL6,"BSF-2,BSF2,CDF,HGF,HSF,IFN-beta-2,IFNB2,IL-6"
1643619,cs,7,1431,CS,None
1643752,thyroglobulin,6,21819,Tg,"Tgn,cog"
1643752,cd4,2,12504,Cd4,"L3T4,Ly-4"
1644930,p53,9,7157,TP53,"BCC7,BMFS5,LFS1,P53,TRP53"
1647645,nerve growth factor,6,310738,Ngf,"Ngfb,beta-NGF"
1648702,p53,27,7157,TP53,"BCC7,BMFS5,LFS1,P53,TRP53"
1649042,antithrombin iii,3,462,SERPINC1,"AT3,AT3D,ATIII,ATIII-R2,ATIII-T1,ATIII-T2,THPH7"
1649042,fibrinogen,1,2244,FGB,"H,E,L,-,S,-,7,8,p"
1649042,prothrombin,4,2147,F2,"PT,RPRGL2,THPH1"
1649042,at iii,9,462,SERPINC1,"AT3,AT3D,ATIII,ATIII-R2,ATIII-T1,ATIII-T2,THPH7"
1649042,afp,2,174,AFP,"AFPD,FETA,HPAFP"
1649734,k-ras,1,3845,KRAS,"'C-K-RAS,C-K-RAS,CFC2,K-RAS2A,K-RAS2B,K-RAS4A,K-RAS4B,K-Ras,K-Ras 2,KI-RAS,KRAS1,KRAS2,NS,NS3,OES,RALD,RASK2,c-Ki-ras,c-Ki-ras2"
1649734,p53,1,7157,TP53,"BCC7,BMFS5,LFS1,P53,TRP53"
1652755,interleukin 6,2,3569,IL6,"BSF-2,BSF2,CDF,HGF,HSF,IFN-beta-2,IFNB2,IL-6"
1652755,p53,12,7157,TP53,"BCC7,BMFS5,LFS1,P53,TRP53"
1652755,il-6,11,3569,IL6,"BSF-2,BSF2,CDF,HGF,HSF,IFN-beta-2,IFNB2,IL-6"
1652755,c-fos,5,2353,FOS,"AP-1,C-FOS,p55"
1652755,il-1,1,3553,IL1B,"IL-1,IL1-BETA,IL1F2,IL1beta"
1652892,gaa,4,2548,GAA,"L,Y,A,G"
1652892,styi,2,55808,ST6GALNAC1,"HSY11339,SIAT7A,ST6GalNAcI,STYI"
1652893,vitamin d receptor,18,7421,VDR,"NR1I1,PPP1R163"
1652893,vitamin d3 receptor,3,7421,VDR,"NR1I1,PPP1R163"
1656362,p53,21,7157,TP53,"BCC7,BMFS5,LFS1,P53,TRP53"
1662049,prothrombin,2,2147,F2,"PT,RPRGL2,THPH1"
1662049,antithrombin iii,2,462,SERPINC1,"AT3,AT3D,ATIII,ATIII-R2,ATIII-T1,ATIII-T2,THPH7"
1662825,thymopoietin,1,7112,TMPO,"CMD1T,LAP2,LEMD4,PRO0868,TP"
1667942,interleukin 1,1,3552,IL1A,"IL-1 alpha,IL-1A,IL1,IL1-ALPHA,IL1F1"
1667942,tumor necrosis factor-alpha,2,7124,TNF,"DIF,TNF-alpha,TNFA,TNFSF2,TNLG1F"
1667942,interleukin 6,1,3569,IL6,"BSF-2,BSF2,CDF,HGF,HSF,IFN-beta-2,IFNB2,IL-6"
1667942,interleukin-6,1,3569,IL6,"BSF-2,BSF2,CDF,HGF,HSF,IFN-beta-2,IFNB2,IL-6"
1667942,il-6,5,3569,IL6,"BSF-2,BSF2,CDF,HGF,HSF,IFN-beta-2,IFNB2,IL-6"
1667942,il-1,5,3552,IL1A,"IL-1 alpha,IL-1A,IL1,IL1-ALPHA,IL1F1"
1667942,tnf-alpha,5,7124,TNF,"DIF,TNF-alpha,TNFA,TNFSF2,TNLG1F"
1669847,thyroglobulin,2,24826,Tg,"T,g,n"
1670635,methylmalonyl coa mutase,1,4594,MMUT,"MCM,MUT"
1671807,col2a1,1,1280,COL2A1,"ANFH,AOM,COL11A3,SEDC,STL1"
1672092,igf-i,7,16000,Igf1,"C730016P09Rik,Igf-1,Igf-I"
1672092,igf-ii,6,3481,IGF2,"C11orf43,GRDF,IGF-II,PP9974,SRS3"
1672123,hla-b,2,3106,HLA-B,"AS,B-4901,HLAB"
1672123,bat1,2,7919,DDX39B,"BAT1,D6S81E,UAP56"
1672123,bat2,7,7916,PRRC2A,"BAT2,D6S51,D6S51E,G2"
1672546,anti-interleukin 2 receptor,2,16184,Il2ra,"CD25,Il2r,Ly-43"
1672546,il-2r,5,16184,Il2ra,"CD25,Il2r,Ly-43"
1672546,cd4,2,12504,Cd4,"L3T4,Ly-4"
1672546,igg1,1,16017,Ighg1,"IgG1,Igh-4,VH7183"
1672546,igg2a,1,668478,Ighv1-9,"Gm16697,Igg2a"
1672546,igg2b,1,16016,Ighg2b,"IgG2b,Igh-3,gamma2b"
1672728,hla-drb1,1,3123,HLA-DRB1,"DRB1,HLA-DR1B,HLA-DRB,SS1"
1672728,drb1,5,3123,HLA-DRB1,"DRB1,HLA-DR1B,HLA-DRB,SS1"
1672728,b18,4,4713,NDUFB7,"B18,CI-B18,MC1DN39"
1672728,sco1,1,6341,SCO1,"MC4DN4,SCOD1"
1673033,transforming growth factor beta 1,1,7040,TGFB1,"CED,DPD1,IBDIMDE,LAP,TGF-beta1,TGFB,TGFbeta"
1673033,tgf-beta,6,7039,TGFA,"T,F,G,A"
1673033,tgf-beta 1,2,7040,TGFB1,"CED,DPD1,IBDIMDE,LAP,TGF-beta1,TGFB,TGFbeta"
1673033,retinoblastoma gene product (p105),1,4790,NFKB1,"CVID12,EBP-1,KBF1,NF-kB,NF-kB1,NF-kappa-B1,NF-kappaB,NF-kappabeta,NFKB-p105,NFKB-p50,NFkappaB"
1673033,p60,1,7984,ARHGEF5,"GEF5,P60,TIM,TIM1"
1673792,p53,8,7157,TP53,"BCC7,BMFS5,LFS1,P53,TRP53"
1673843,cd2,18,914,CD2,"LFA-2,SRBC,T11"
